sku,name,type,category,subcat,active
P7046500CR,The Cedar Reserve - American Red - PG - 00mg,Product,Labelled,Freebase,1
P7046503CR,The Cedar Reserve - American Red - PG - 03mg,Product,Labelled,Freebase,1
P7046506CR,The Cedar Reserve - American Red - PG - 06mg,Product,Labelled,Freebase,1
P7046512CR,The Cedar Reserve - American Red - PG - 12mg,Product,Labelled,Freebase,1
P7046518CR,The Cedar Reserve - American Red - PG - 18mg,Product,Labelled,Freebase,1
P7047600CR,The Cedar Reserve - Apple - PG - 00mg,Product,Labelled,Freebase,1
P7047603CR,The Cedar Reserve - Apple - PG - 03mg,Product,Labelled,Freebase,1
P7047606CR,The Cedar Reserve - Apple - PG - 06mg,Product,Labelled,Freebase,1
P7047612CR,The Cedar Reserve - Apple - PG - 12mg,Product,Labelled,Freebase,1
P7047618CR,The Cedar Reserve - Apple - PG - 18mg,Product,Labelled,Freebase,1
P7056600CR,The Cedar Reserve - Apple Pie & Custard - PG - 00mg,Product,Labelled,Freebase,1
P7056603CR,The Cedar Reserve - Apple Pie & Custard - PG - 03mg,Product,Labelled,Freebase,1
P7056606CR,The Cedar Reserve - Apple Pie & Custard - PG - 06mg,Product,Labelled,Freebase,1
P7056612CR,The Cedar Reserve - Apple Pie & Custard - PG - 12mg,Product,Labelled,Freebase,1
P7056618CR,The Cedar Reserve - Apple Pie & Custard - PG - 18mg,Product,Labelled,Freebase,1
P7056900CR,The Cedar Reserve - Apricot Yoghurt - PG - 00mg,Product,Labelled,Freebase,1
P7056903CR,The Cedar Reserve - Apricot Yoghurt - PG - 03mg,Product,Labelled,Freebase,1
P7056906CR,The Cedar Reserve - Apricot Yoghurt - PG - 06mg,Product,Labelled,Freebase,1
P7056912CR,The Cedar Reserve - Apricot Yoghurt - PG - 12mg,Product,Labelled,Freebase,1
P7056918CR,The Cedar Reserve - Apricot Yoghurt - PG - 18mg,Product,Labelled,Freebase,1
P7047200CR,The Cedar Reserve - Berrylicious - PG - 00mg,Product,Labelled,Freebase,1
P7047203CR,The Cedar Reserve - Berrylicious - PG - 03mg,Product,Labelled,Freebase,1
P7047206CR,The Cedar Reserve - Berrylicious - PG - 06mg,Product,Labelled,Freebase,1
P7047212CR,The Cedar Reserve - Berrylicious - PG - 12mg,Product,Labelled,Freebase,1
P7047218CR,The Cedar Reserve - Berrylicious - PG - 18mg,Product,Labelled,Freebase,1
P7047400CR,The Cedar Reserve - Black Cherry - PG - 00mg,Product,Labelled,Freebase,1
P7047403CR,The Cedar Reserve - Black Cherry - PG - 03mg,Product,Labelled,Freebase,1
P7047406CR,The Cedar Reserve - Black Cherry - PG - 06mg,Product,Labelled,Freebase,1
P7047412CR,The Cedar Reserve - Black Cherry - PG - 12mg,Product,Labelled,Freebase,1
P7047418CR,The Cedar Reserve - Black Cherry - PG - 18mg,Product,Labelled,Freebase,1
P7047500CR,The Cedar Reserve - Blueberry - PG - 00mg,Product,Labelled,Freebase,1
P7047503CR,The Cedar Reserve - Blueberry - PG - 03mg,Product,Labelled,Freebase,1
P7047506CR,The Cedar Reserve - Blueberry - PG - 06mg,Product,Labelled,Freebase,1
P7047512CR,The Cedar Reserve - Blueberry - PG - 12mg,Product,Labelled,Freebase,1
P7047518CR,The Cedar Reserve - Blueberry - PG - 18mg,Product,Labelled,Freebase,1
P7047000CR,The Cedar Reserve - Blueberry Menthol - PG - 00mg,Product,Labelled,Freebase,1
P7047003CR,The Cedar Reserve - Blueberry Menthol - PG - 03mg,Product,Labelled,Freebase,1
P7047006CR,The Cedar Reserve - Blueberry Menthol - PG - 06mg,Product,Labelled,Freebase,1
P7047012CR,The Cedar Reserve - Blueberry Menthol - PG - 12mg,Product,Labelled,Freebase,1
P7047018CR,The Cedar Reserve - Blueberry Menthol - PG - 18mg,Product,Labelled,Freebase,1
P7047800CR,The Cedar Reserve - Blueberry Muffin - PG - 00mg,Product,Labelled,Freebase,1
P7047803CR,The Cedar Reserve - Blueberry Muffin - PG - 03mg,Product,Labelled,Freebase,1
P7047806CR,The Cedar Reserve - Blueberry Muffin - PG - 06mg,Product,Labelled,Freebase,1
P7047812CR,The Cedar Reserve - Blueberry Muffin - PG - 12mg,Product,Labelled,Freebase,1
P7047818CR,The Cedar Reserve - Blueberry Muffin - PG - 18mg,Product,Labelled,Freebase,1
P7069000CR,The Cedar Reserve - Bubblegum - PG - 00mg,Product,Labelled,Freebase,1
P7069003CR,The Cedar Reserve - Bubblegum - PG - 03mg,Product,Labelled,Freebase,1
P7069006CR,The Cedar Reserve - Bubblegum - PG - 06mg,Product,Labelled,Freebase,1
P7069012CR,The Cedar Reserve - Bubblegum - PG - 12mg,Product,Labelled,Freebase,1
P7069018CR,The Cedar Reserve - Bubblegum - PG - 18mg,Product,Labelled,Freebase,1
P7046800CR,The Cedar Reserve - Cherry Menthol - PG - 00mg,Product,Labelled,Freebase,1
P7046803CR,The Cedar Reserve - Cherry Menthol - PG - 03mg,Product,Labelled,Freebase,1
P7046806CR,The Cedar Reserve - Cherry Menthol - PG - 06mg,Product,Labelled,Freebase,1
P7046812CR,The Cedar Reserve - Cherry Menthol - PG - 12mg,Product,Labelled,Freebase,1
P7046818CR,The Cedar Reserve - Cherry Menthol - PG - 18mg,Product,Labelled,Freebase,1
P7031300CR,The Cedar Reserve - Fruit Medley - PG - 00mg,Product,Labelled,Freebase,1
P7031303CR,The Cedar Reserve - Fruit Medley - PG - 03mg,Product,Labelled,Freebase,1
P7031306CR,The Cedar Reserve - Fruit Medley - PG - 06mg,Product,Labelled,Freebase,1
P7031312CR,The Cedar Reserve - Fruit Medley - PG - 12mg,Product,Labelled,Freebase,1
P7031318CR,The Cedar Reserve - Fruit Medley - PG - 18mg,Product,Labelled,Freebase,1
P7030600CR,The Cedar Reserve - Gold Leaf - PG - 00mg,Product,Labelled,Freebase,1
P7030603CR,The Cedar Reserve - Gold Leaf - PG - 03mg,Product,Labelled,Freebase,1
P7030606CR,The Cedar Reserve - Gold Leaf - PG - 06mg,Product,Labelled,Freebase,1
P7030612CR,The Cedar Reserve - Gold Leaf - PG - 12mg,Product,Labelled,Freebase,1
P7030618CR,The Cedar Reserve - Gold Leaf - PG - 18mg,Product,Labelled,Freebase,1
P7003100CR,The Cedar Reserve - Green Monster - PG - 00mg,Product,Labelled,Freebase,1
P7003103CR,The Cedar Reserve - Green Monster - PG - 03mg,Product,Labelled,Freebase,1
P7003106CR,The Cedar Reserve - Green Monster - PG - 06mg,Product,Labelled,Freebase,1
P7003112CR,The Cedar Reserve - Green Monster - PG - 12mg,Product,Labelled,Freebase,1
P7003118CR,The Cedar Reserve - Green Monster - PG - 18mg,Product,Labelled,Freebase,1
P7047900CR,The Cedar Reserve - Gummy Bears - PG - 00mg,Product,Labelled,Freebase,1
P7047903CR,The Cedar Reserve - Gummy Bears - PG - 03mg,Product,Labelled,Freebase,1
P7047906CR,The Cedar Reserve - Gummy Bears - PG - 06mg,Product,Labelled,Freebase,1
P7047912CR,The Cedar Reserve - Gummy Bears - PG - 12mg,Product,Labelled,Freebase,1
P7047918CR,The Cedar Reserve - Gummy Bears - PG - 18mg,Product,Labelled,Freebase,1
P7031700CR,The Cedar Reserve - Jager - PG - 00mg,Product,Labelled,Freebase,1
P7031703CR,The Cedar Reserve - Jager - PG - 03mg,Product,Labelled,Freebase,1
P7031706CR,The Cedar Reserve - Jager - PG - 06mg,Product,Labelled,Freebase,1
P7031712CR,The Cedar Reserve - Jager - PG - 12mg,Product,Labelled,Freebase,1
P7031718CR,The Cedar Reserve - Jager - PG - 18mg,Product,Labelled,Freebase,1
P7031500CR,The Cedar Reserve - Jelly Spogs - PG - 00mg,Product,Labelled,Freebase,1
P7031503CR,The Cedar Reserve - Jelly Spogs - PG - 03mg,Product,Labelled,Freebase,1
P7031506CR,The Cedar Reserve - Jelly Spogs - PG - 06mg,Product,Labelled,Freebase,1
P7031512CR,The Cedar Reserve - Jelly Spogs - PG - 12mg,Product,Labelled,Freebase,1
P7031518CR,The Cedar Reserve - Jelly Spogs - PG - 18mg,Product,Labelled,Freebase,1
P7047100CR,The Cedar Reserve - Grape Menthol - PG - 00mg,Product,Labelled,Freebase,1
P7047103CR,The Cedar Reserve - Grape Menthol - PG - 03mg,Product,Labelled,Freebase,1
P7047106CR,The Cedar Reserve - Grape Menthol - PG - 06mg,Product,Labelled,Freebase,1
P7047112CR,The Cedar Reserve - Grape Menthol - PG - 12mg,Product,Labelled,Freebase,1
P7047118CR,The Cedar Reserve - Grape Menthol - PG - 18mg,Product,Labelled,Freebase,1
P7068800CR,The Cedar Reserve - Lemon & Lime - PG - 00mg,Product,Labelled,Freebase,1
P7068803CR,The Cedar Reserve - Lemon & Lime - PG - 03mg,Product,Labelled,Freebase,1
P7068806CR,The Cedar Reserve - Lemon & Lime - PG - 06mg,Product,Labelled,Freebase,1
P7068812CR,The Cedar Reserve - Lemon & Lime - PG - 12mg,Product,Labelled,Freebase,1
P7068818CR,The Cedar Reserve - Lemon & Lime - PG - 18mg,Product,Labelled,Freebase,1
P7031900CR,The Cedar Reserve - Mango Ice Tea - PG - 00mg,Product,Labelled,Freebase,1
P7031903CR,The Cedar Reserve - Mango Ice Tea - PG - 03mg,Product,Labelled,Freebase,1
P7031906CR,The Cedar Reserve - Mango Ice Tea - PG - 06mg,Product,Labelled,Freebase,1
P7031912CR,The Cedar Reserve - Mango Ice Tea - PG - 12mg,Product,Labelled,Freebase,1
P7031918CR,The Cedar Reserve - Mango Ice Tea - PG - 18mg,Product,Labelled,Freebase,1
P7030800CR,The Cedar Reserve - Mental Menthol - PG - 00mg,Product,Labelled,Freebase,1
P7030803CR,The Cedar Reserve - Mental Menthol - PG - 03mg,Product,Labelled,Freebase,1
P7030806CR,The Cedar Reserve - Mental Menthol - PG - 06mg,Product,Labelled,Freebase,1
P7030812CR,The Cedar Reserve - Mental Menthol - PG - 12mg,Product,Labelled,Freebase,1
P7030818CR,The Cedar Reserve - Mental Menthol - PG - 18mg,Product,Labelled,Freebase,1
P7030700CR,The Cedar Reserve - Menthol - PG - 00mg,Product,Labelled,Freebase,1
P7030703CR,The Cedar Reserve - Menthol - PG - 03mg,Product,Labelled,Freebase,1
P7030706CR,The Cedar Reserve - Menthol - PG - 06mg,Product,Labelled,Freebase,1
P7030712CR,The Cedar Reserve - Menthol - PG - 12mg,Product,Labelled,Freebase,1
P7030718CR,The Cedar Reserve - Menthol - PG - 18mg,Product,Labelled,Freebase,1
P7030900CR,The Cedar Reserve - Menthol Mint - PG - 00mg,Product,Labelled,Freebase,1
P7030903CR,The Cedar Reserve - Menthol Mint - PG - 03mg,Product,Labelled,Freebase,1
P7030906CR,The Cedar Reserve - Menthol Mint - PG - 06mg,Product,Labelled,Freebase,1
P7030912CR,The Cedar Reserve - Menthol Mint - PG - 12mg,Product,Labelled,Freebase,1
P7030918CR,The Cedar Reserve - Menthol Mint - PG - 18mg,Product,Labelled,Freebase,1
P7069100CR,The Cedar Reserve - Menthol Tobacco - PG - 00mg,Product,Labelled,Freebase,1
P7069103CR,The Cedar Reserve - Menthol Tobacco - PG - 03mg,Product,Labelled,Freebase,1
P7069106CR,The Cedar Reserve - Menthol Tobacco - PG - 06mg,Product,Labelled,Freebase,1
P7069112CR,The Cedar Reserve - Menthol Tobacco - PG - 12mg,Product,Labelled,Freebase,1
P7069118CR,The Cedar Reserve - Menthol Tobacco - PG - 18mg,Product,Labelled,Freebase,1
P7065900CR,The Cedar Reserve - Parma Violet - PG - 00mg,Product,Labelled,Freebase,1
P7065903CR,The Cedar Reserve - Parma Violet - PG - 03mg,Product,Labelled,Freebase,1
P7065906CR,The Cedar Reserve - Parma Violet - PG - 06mg,Product,Labelled,Freebase,1
P7065912CR,The Cedar Reserve - Parma Violet - PG - 12mg,Product,Labelled,Freebase,1
P7065918CR,The Cedar Reserve - Parma Violet - PG - 18mg,Product,Labelled,Freebase,1
P7031400CR,The Cedar Reserve - Peach - PG - 00mg,Product,Labelled,Freebase,1
P7031403CR,The Cedar Reserve - Peach - PG - 03mg,Product,Labelled,Freebase,1
P7031406CR,The Cedar Reserve - Peach - PG - 06mg,Product,Labelled,Freebase,1
P7031412CR,The Cedar Reserve - Peach - PG - 12mg,Product,Labelled,Freebase,1
P7031418CR,The Cedar Reserve - Peach - PG - 18mg,Product,Labelled,Freebase,1
P7056700CR,The Cedar Reserve - Pear Drops - PG - 00mg,Product,Labelled,Freebase,1
P7056703CR,The Cedar Reserve - Pear Drops - PG - 03mg,Product,Labelled,Freebase,1
P7056706CR,The Cedar Reserve - Pear Drops - PG - 06mg,Product,Labelled,Freebase,1
P7056712CR,The Cedar Reserve - Pear Drops - PG - 12mg,Product,Labelled,Freebase,1
P7056718CR,The Cedar Reserve - Pear Drops - PG - 18mg,Product,Labelled,Freebase,1
P7031100CR,The Cedar Reserve - Peppermint - PG - 00mg,Product,Labelled,Freebase,1
P7031103CR,The Cedar Reserve - Peppermint - PG - 03mg,Product,Labelled,Freebase,1
P7031106CR,The Cedar Reserve - Peppermint - PG - 06mg,Product,Labelled,Freebase,1
P7031112CR,The Cedar Reserve - Peppermint - PG - 12mg,Product,Labelled,Freebase,1
P7031118CR,The Cedar Reserve - Peppermint - PG - 18mg,Product,Labelled,Freebase,1
P7047700CR,The Cedar Reserve - Rainbow Juice - PG - 00mg,Product,Labelled,Freebase,1
P7047703CR,The Cedar Reserve - Rainbow Juice - PG - 03mg,Product,Labelled,Freebase,1
P7047706CR,The Cedar Reserve - Rainbow Juice - PG - 06mg,Product,Labelled,Freebase,1
P7047712CR,The Cedar Reserve - Rainbow Juice - PG - 12mg,Product,Labelled,Freebase,1
P7047718CR,The Cedar Reserve - Rainbow Juice - PG - 18mg,Product,Labelled,Freebase,1
P7069200CR,The Cedar Reserve - Raspberry - PG - 00mg,Product,Labelled,Freebase,1
P7069203CR,The Cedar Reserve - Raspberry - PG - 03mg,Product,Labelled,Freebase,1
P7069206CR,The Cedar Reserve - Raspberry - PG - 06mg,Product,Labelled,Freebase,1
P7069212CR,The Cedar Reserve - Raspberry - PG - 12mg,Product,Labelled,Freebase,1
P7069218CR,The Cedar Reserve - Raspberry - PG - 18mg,Product,Labelled,Freebase,1
P7048000CR,The Cedar Reserve - Smurfs Blood - PG - 00mg,Product,Labelled,Freebase,1
P7048003CR,The Cedar Reserve - Smurfs Blood - PG - 03mg,Product,Labelled,Freebase,1
P7048006CR,The Cedar Reserve - Smurfs Blood - PG - 06mg,Product,Labelled,Freebase,1
P7048012CR,The Cedar Reserve - Smurfs Blood - PG - 12mg,Product,Labelled,Freebase,1
P7048018CR,The Cedar Reserve - Smurfs Blood - PG - 18mg,Product,Labelled,Freebase,1
P7031000CR,The Cedar Reserve - Spearmint - PG - 00mg,Product,Labelled,Freebase,1
P7031003CR,The Cedar Reserve - Spearmint - PG - 03mg,Product,Labelled,Freebase,1
P7031006CR,The Cedar Reserve - Spearmint - PG - 06mg,Product,Labelled,Freebase,1
P7031012CR,The Cedar Reserve - Spearmint - PG - 12mg,Product,Labelled,Freebase,1
P7031018CR,The Cedar Reserve - Spearmint - PG - 18mg,Product,Labelled,Freebase,1
P7046900CR,The Cedar Reserve - Strawberry Menthol - PG - 00mg,Product,Labelled,Freebase,1
P7046903CR,The Cedar Reserve - Strawberry Menthol - PG - 03mg,Product,Labelled,Freebase,1
P7046906CR,The Cedar Reserve - Strawberry Menthol - PG - 06mg,Product,Labelled,Freebase,1
P7046912CR,The Cedar Reserve - Strawberry Menthol - PG - 12mg,Product,Labelled,Freebase,1
P7046918CR,The Cedar Reserve - Strawberry Menthol - PG - 18mg,Product,Labelled,Freebase,1
P7046600CR,The Cedar Reserve - Tobacco - PG - 00mg,Product,Labelled,Freebase,1
P7046603CR,The Cedar Reserve - Tobacco - PG - 03mg,Product,Labelled,Freebase,1
P7046606CR,The Cedar Reserve - Tobacco - PG - 06mg,Product,Labelled,Freebase,1
P7046612CR,The Cedar Reserve - Tobacco - PG - 12mg,Product,Labelled,Freebase,1
P7046618CR,The Cedar Reserve - Tobacco - PG - 18mg,Product,Labelled,Freebase,1
P7031200CR,The Cedar Reserve - Tropical Storm - PG - 00mg,Product,Labelled,Freebase,1
P7031203CR,The Cedar Reserve - Tropical Storm - PG - 03mg,Product,Labelled,Freebase,1
P7031206CR,The Cedar Reserve - Tropical Storm - PG - 06mg,Product,Labelled,Freebase,1
P7031212CR,The Cedar Reserve - Tropical Storm - PG - 12mg,Product,Labelled,Freebase,1
P7031218CR,The Cedar Reserve - Tropical Storm - PG - 18mg,Product,Labelled,Freebase,1
P7056800CR,The Cedar Reserve - Tutti Fruity - PG - 00mg,Product,Labelled,Freebase,1
P7056803CR,The Cedar Reserve - Tutti Fruity - PG - 03mg,Product,Labelled,Freebase,1
P7056806CR,The Cedar Reserve - Tutti Fruity - PG - 06mg,Product,Labelled,Freebase,1
P7056812CR,The Cedar Reserve - Tutti Fruity - PG - 12mg,Product,Labelled,Freebase,1
P7056818CR,The Cedar Reserve - Tutti Fruity - PG - 18mg,Product,Labelled,Freebase,1
P7084100CR,The Cedar Reserve - Vanilla - PG - 00mg,Product,Labelled,Freebase,1
P7084103CR,The Cedar Reserve - Vanilla - PG - 03mg,Product,Labelled,Freebase,1
P7084106CR,The Cedar Reserve - Vanilla - PG - 06mg,Product,Labelled,Freebase,1
P7084112CR,The Cedar Reserve - Vanilla - PG - 12mg,Product,Labelled,Freebase,1
P7084118CR,The Cedar Reserve - Vanilla - PG - 18mg,Product,Labelled,Freebase,1
P7031800CR,The Cedar Reserve - Wild Strawberry - PG - 00mg,Product,Labelled,Freebase,1
P7031803CR,The Cedar Reserve - Wild Strawberry - PG - 03mg,Product,Labelled,Freebase,1
P7031806CR,The Cedar Reserve - Wild Strawberry - PG - 06mg,Product,Labelled,Freebase,1
P7031812CR,The Cedar Reserve - Wild Strawberry - PG - 12mg,Product,Labelled,Freebase,1
P7031818CR,The Cedar Reserve - Wild Strawberry - PG - 18mg,Product,Labelled,Freebase,1
P1000009NS,Nicshots - 100% PG Nicotine Shot - PG - 09mg,Product,Labelled,Freebase,1
P1000018NS,Nicshots - 100% PG Nicotine Shot - PG - 18mg,Product,Labelled,Freebase,1
V1000009NS,Nicshots - 100% VG Nicotine Shot - VG - 09mg,Product,Labelled,Freebase,1
V1000015NS,Nicshots - 100% VG Nicotine Shot - VG - 15mg,Product,Labelled,Freebase,1
V1000018NS,Nicshots - 100% VG Nicotine Shot - VG - 18mg,Product,Labelled,Freebase,1
V1000020NS,Nicshots - 100% VG Nicotine Shot - VG - 20mg,Product,Labelled,Freebase,1
V7000018NS,Nicshots - 70% VG Nicotine Shot - VG - 18mg,Product,Labelled,Freebase,1
P5000009NS,Nicshots - 50/50 Nicotine Shot - PG - 09mg,Product,Labelled,Freebase,1
P5000018NS,Nicshots - 50/50 Nicotine Shot - PG - 18mg,Product,Labelled,Freebase,1
P1000000NS,Nicshots - 100% PG Nicotine Free Shot - PG - 00mg,Product,Labelled,Freebase,1
V1000000NS,Nicshots - 100% VG Nicotine Free Shot - VG - 00mg,Product,Labelled,Freebase,1
V7064818NS,Nicshots - Sub Zero Nicotine Shot - VG - 18mg,Product,Labelled,Freebase,1
V7067418NS,Nicshots - Absolute Zero Nicotine Shot - VG - 18mg,Product,Labelled,Freebase,1
V7072618NS,Nicshots - 70% VG Nicotine Salt Shot - VG - 18mg,Product,Labelled,Freebase,1
V7072620NS,Nicshots - 70% VG Nicotine Salt Shot - VG - 20mg,Product,Labelled,Freebase,1
V1072618NS,Nicshots - Max VG Nicotine Salt Shot - VG - 18mg,Product,Labelled,Freebase,1
P5076420FS,Fifty-Fifty Smooth - Banana cream Nicotine Salt - PG - 20mg,Product,Labelled,Nicotine Salt,1
P5076920FS,Fifty-Fifty Smooth - Forest fruits Nicotine Salt - PG - 20mg,Product,Labelled,Nicotine Salt,1
P5076820FS,Fifty-Fifty Smooth - Lemon Tart Nicotine Salt - PG - 20mg,Product,Labelled,Nicotine Salt,1
P5077020FS,Fifty-Fifty Smooth - Raspberry Tart Nicotine Salt - PG - 20mg,Product,Labelled,Nicotine Salt,1
P5076620FS,Fifty-Fifty Smooth - Sweet tobacco Nicotine Salt - PG - 20mg,Product,Labelled,Nicotine Salt,1
P5094920FS,Fifty-Fifty Smooth - Black Ice Nicotine Salt - PG - 20mg,Product,Labelled,Nicotine Salt,1
P5094820FS,Fifty-Fifty Smooth - Menthol Nicotine Salt - PG - 20mg,Product,Labelled,Nicotine Salt,1
P5077120FS,Fifty-Fifty Smooth - The Crimson One Nicotine Salt - PG - 20mg,Product,Labelled,Nicotine Salt,1
P5076520FS,Fifty-Fifty Smooth - The Blue One Nicotine Salt - PG - 20mg,Product,Labelled,Nicotine Salt,1
SV11005058B,8-Bit - Watermelon Bubblegum - VG - SF,Product,Labelled,Shortfill,1
SV11006058B,8-Bit - Creamy Custard - VG - SF,Product,Labelled,Shortfill,1
SV11007058B,8-Bit - Strawberry Shortcake - VG - SF,Product,Labelled,Shortfill,1
SV6100905AD,Afternoon Delight - Lemon Drizzle Cake - VG - SF,Product,Labelled,Shortfill,1
SV6101005AD,Afternoon Delight - Peach and passion fruit - VG - SF,Product,Labelled,Shortfill,1
SV6101105AD,Afternoon Delight - Blueberry Muffin - VG - SF,Product,Labelled,Shortfill,1
SV7101204AM,American Dream - Lakota - VG - SF,Product,Labelled,Shortfill,1
SV7101304AM,American Dream - Great Plains - VG - SF,Product,Labelled,Shortfill,1
SV7101404AM,American Dream - Lumberjack - VG - SF,Product,Labelled,Shortfill,1
SV7101504AM,American Dream - Grizzly - VG - SF,Product,Labelled,Shortfill,1
SV9101605BF,Brain Freeze - Kool Blackcurrant mango - VG - SF,Product,Labelled,Shortfill,1
SV8101705BF,Brain Freeze - Lemon & Lime Koolada - VG - SF,Product,Labelled,Shortfill,1
SV9101805BF,Brain Freeze - Kool Blackcurrant Lychee - VG - SF,Product,Labelled,Shortfill,1
SV1101905BF,Brain Freeze - Kool Raspberry - VG - SF,Product,Labelled,Shortfill,1
SV8102105BF,Brain Freeze - Kool Apple - VG - SF,Product,Labelled,Shortfill,1
SV6102205DF,Brain Freeze Defrosted - Lemon & Lime - VG - SF,Product,Labelled,Shortfill,1
SV6102305DF,Brain Freeze Defrosted - Raspberry - VG - SF,Product,Labelled,Shortfill,1
SV6102405DF,Brain Freeze Defrosted - Blackcurrant mango - VG - SF,Product,Labelled,Shortfill,1
SV6102505DF,Brain Freeze Defrosted - Apple - VG - SF,Product,Labelled,Shortfill,1
SV6102605DF,Brain Freeze Defrosted - Blackcurrant Lychee - VG - SF,Product,Labelled,Shortfill,1
SV6102705CL,Candy Land - Pear Drops - VG - SF,Product,Labelled,Shortfill,1
SV6102805CL,Candy Land - Black Jack - VG - SF,Product,Labelled,Shortfill,1
SV6102905CL,Candy Land - Foam Banana - VG - SF,Product,Labelled,Shortfill,1
SV6103105CL,Candy Land - Cherry Tunes - VG - SF,Product,Labelled,Shortfill,1
SV6103205CL,Candy Land - Parma Violet - VG - SF,Product,Labelled,Shortfill,1
SV5103304CR,The Cedar Reserve - Blackcurrant lemonade - VG - SF,Product,Labelled,Shortfill,1
SV5103404CR,The Cedar Reserve - Apricot yogurt - VG - SF,Product,Labelled,Shortfill,1
SV5103504CR,The Cedar Reserve - Pineapple - VG - SF,Product,Labelled,Shortfill,1
SV5103604CR,The Cedar Reserve - Grape soda - VG - SF,Product,Labelled,Shortfill,1
SV5103704CR,The Cedar Reserve - Strawberry - VG - SF,Product,Labelled,Shortfill,1
SV5103804CR,The Cedar Reserve - Red One - VG - SF,Product,Labelled,Shortfill,1
SV5103904CR,The Cedar Reserve - Vanilla - VG - SF,Product,Labelled,Shortfill,1
SV6104005FC,Fair City Vapes - Blackcurrant Blush - VG - SF,Product,Labelled,Shortfill,1
SV6104105FC,Fair City Vapes - Raspberry Lemonade - VG - SF,Product,Labelled,Shortfill,1
SV6104205FC,Fair City Vapes - Tropical sparkle - VG - SF,Product,Labelled,Shortfill,1
SV6104305GC,Grand Canyon Iced Tea - Lemon iced tea - VG - SF,Product,Labelled,Shortfill,1
SV6104405GC,Grand Canyon Iced Tea - Mint iced tea - VG - SF,Product,Labelled,Shortfill,1
SV6104505GC,Grand Canyon Iced Tea - Peach iced tea - VG - SF,Product,Labelled,Shortfill,1
SV1105305CC,Crispy Cloud - Apple Cinnamon Doughnut - VG - SF,Product,Labelled,Shortfill,1
SV1105405CC,Crispy Cloud - Custard Doughnut - VG - SF,Product,Labelled,Shortfill,1
SV1105505CC,Crispy Cloud - Raspberry and Strawberry Jam Doughnut - VG - SF,Product,Labelled,Shortfill,1
SV5111704CR,The Cedar Reserve - The Blue One - VG - SF,Product,Labelled,Shortfill,1
SV6117310ZV,Z-Virus - Rainbow Candy - VG - SF,Product,Labelled,Shortfill,1
SV6117410ZV,Z-Virus - Pineapple and Coconut - VG - SF,Product,Labelled,Shortfill,1
SV6117510ZV,Z-Virus - Strawberry Cotton Candy - VG - SF,Product,Labelled,Shortfill,1
SV7117610ZV,Z-Virus - Key Lime Pie - VG - SF,Product,Labelled,Shortfill,1
P5124010FS,Fifty-Fifty Smooth - Peach & Passionfruit Nicotine Salts - PG - 10mg,Product,Labelled,Nicotine Salt,1
P5124020FS,Fifty-Fifty Smooth - Peach & Passionfruit Nicotine Salts - PG - 20mg,Product,Labelled,Nicotine Salt,1
P5124110FS,Fifty-Fifty Smooth - Blackcurrant Nicotine Salts - PG - 10mg,Product,Labelled,Nicotine Salt,1
P5124120FS,Fifty-Fifty Smooth - Blackcurrant Nicotine Salts - PG - 20mg,Product,Labelled,Nicotine Salt,1
P5123910FS,Fifty-Fifty Smooth - Cola Nicotine Salts - PG - 10mg,Product,Labelled,Nicotine Salt,1
P5123920FS,Fifty-Fifty Smooth - Cola Nicotine Salts - PG - 20mg,Product,Labelled,Nicotine Salt,1
SV6126505FS,Fifty-Fifty Smooth - Blue Raspberry - VG - SF,Product,Labelled,Shortfill,1
SV6126605FS,Fifty-Fifty Smooth - Black Ice - VG - SF,Product,Labelled,Shortfill,1
SV6126705FS,Fifty-Fifty Smooth - Forest Fruits - VG - SF,Product,Labelled,Shortfill,1
SV6126805FS,Fifty-Fifty Smooth - Banana Cream - VG - SF,Product,Labelled,Shortfill,1
P6128910ZS,Z-Virus Salt - Rainbow Candy Salt - PG - 10mg,Product,Labelled,Nicotine Salt,1
P6128920ZS,Z-Virus Salt - Rainbow Candy Salt - PG - 20mg,Product,Labelled,Nicotine Salt,1
P6128810ZS,Z-Virus Salt - Strawberry Cotton Candy Salt - PG - 10mg,Product,Labelled,Nicotine Salt,1
P6128820ZS,Z-Virus Salt - Strawberry Cotton Candy Salt - PG - 20mg,Product,Labelled,Nicotine Salt,1
P7128710ZS,Z-Virus Salt - Key Lime Pie Salt - PG - 10mg,Product,Labelled,Nicotine Salt,1
P7128720ZS,Z-Virus Salt - Key Lime Pie Salt - PG - 20mg,Product,Labelled,Nicotine Salt,1
P6128610ZS,Z-Virus Salt - Pineapple and Coconut Salt - PG - 10mg,Product,Labelled,Nicotine Salt,1
P6128620ZS,Z-Virus Salt - Pineapple and Coconut Salt - PG - 20mg,Product,Labelled,Nicotine Salt,1
P5076410FS,Fifty-Fifty Smooth - Banana cream Nicotine Salt - PG - 10mg,Product,Labelled,Nicotine Salt,1
P5076910FS,Fifty-Fifty Smooth - Forest fruits Nicotine Salt - PG - 10mg,Product,Labelled,Nicotine Salt,1
P5076810FS,Fifty-Fifty Smooth - Lemon Tart Nicotine Salt - PG - 10mg,Product,Labelled,Nicotine Salt,1
P5077010FS,Fifty-Fifty Smooth - Raspberry Tart Nicotine Salt - PG - 10mg,Product,Labelled,Nicotine Salt,1
P5076610FS,Fifty-Fifty Smooth - Sweet tobacco Nicotine Salt - PG - 10mg,Product,Labelled,Nicotine Salt,1
P5094910FS,Fifty-Fifty Smooth - Black Ice Nicotine Salt - PG - 10mg,Product,Labelled,Nicotine Salt,1
P5094810FS,Fifty-Fifty Smooth - Menthol Nicotine Salt - PG - 10mg,Product,Labelled,Nicotine Salt,1
P5077110FS,Fifty-Fifty Smooth - The Crimson One Nicotine Salt - PG - 10mg,Product,Labelled,Nicotine Salt,1
P5076510FS,Fifty-Fifty Smooth - The Blue One Nicotine Salt - PG - 10mg,Product,Labelled,Nicotine Salt,1
P5129710FS,Fifty-Fifty Smooth - Blue Raspberry Nicotine Salt - PG - 10mg,Product,Labelled,Nicotine Salt,1
P5129720FS,Fifty-Fifty Smooth - Blue Raspberry Nicotine Salt - PG - 20mg,Product,Labelled,Nicotine Salt,1
SV7129940CR,The Cedar Reserve - Tropical Storm - VG - SF,Product,Labelled,Shortfill,1
SV7130040CR,The Cedar Reserve - Mango Ice Tea - VG - SF,Product,Labelled,Shortfill,1
SV7130140CR,The Cedar Reserve - Berrylicious - VG - SF,Product,Labelled,Shortfill,1
SV7136005AD,Afternoon Delight - Carrot Cake - VG - SF,Product,Labelled,Shortfill,1
SV6136105CS,Bar Wars Salts - Blueberry & Lime Cider - VG - SF,Product,Labelled,Shortfill,1
SV6136205CS,Bar Wars Salts - Mango & Raspberry Cider - VG - SF,Product,Labelled,Shortfill,1
SV6136305CS,Bar Wars Salts - Elderflower & Pear Cider - VG - SF,Product,Labelled,Shortfill,1
SV6136405CS,Bar Wars Salts - Strawberry & Lime Cider - VG - SF,Product,Labelled,Shortfill,1
SV6136505CS,Bar Wars Salts - Dark Fruits Cider - VG - SF,Product,Labelled,Shortfill,1
SV6136605CS,Bar Wars Salts - Orchard Apple Cider - VG - SF,Product,Labelled,Shortfill,1
SV6136705CS,Bar Wars Salts - Passionfruit Cider - VG - SF,Product,Labelled,Shortfill,1
CP51372D06HL,Hemp Life CBD - Raspberry Moonshine - CBD - 0500mg,Product,Labelled,CBD,1
CP51372M06HL,Hemp Life CBD - Raspberry Moonshine - CBD - 1000mg,Product,Labelled,CBD,1
CP51372M26HL,Hemp Life CBD - Raspberry Moonshine - CBD - 2000mg,Product,Labelled,CBD,1
CP51373D06HL,Hemp Life CBD - Grandaddy Purple - CBD - 0500mg,Product,Labelled,CBD,1
CP51373M06HL,Hemp Life CBD - Grandaddy Purple - CBD - 1000mg,Product,Labelled,CBD,1
CP51373M26HL,Hemp Life CBD - Grandaddy Purple - CBD - 2000mg,Product,Labelled,CBD,1
CP51382D06HL,Hemp Life CBD - Red Dragon - CBD - 0500mg,Product,Labelled,CBD,1
CP51382M06HL,Hemp Life CBD - Red Dragon - CBD - 1000mg,Product,Labelled,CBD,1
CP51382M26HL,Hemp Life CBD - Red Dragon - CBD - 2000mg,Product,Labelled,CBD,1
CP51383D06HL,Hemp Life CBD - Mango Kush - CBD - 0500mg,Product,Labelled,CBD,1
CP51383M06HL,Hemp Life CBD - Mango Kush - CBD - 1000mg,Product,Labelled,CBD,1
CP51383M26HL,Hemp Life CBD - Mango Kush - CBD - 2000mg,Product,Labelled,CBD,1
CP51384D06HL,Hemp Life CBD - Lemon Haze - CBD - 0500mg,Product,Labelled,CBD,1
CP51384M06HL,Hemp Life CBD - Lemon Haze - CBD - 1000mg,Product,Labelled,CBD,1
CP51384M26HL,Hemp Life CBD - Lemon Haze - CBD - 2000mg,Product,Labelled,CBD,1
CP51385D06HL,Hemp Life CBD - Blue Dreams - CBD - 0500mg,Product,Labelled,CBD,1
CP51385M06HL,Hemp Life CBD - Blue Dreams - CBD - 1000mg,Product,Labelled,CBD,1
CP51385M26HL,Hemp Life CBD - Blue Dreams - CBD - 2000mg,Product,Labelled,CBD,1
SV6157005SM,Smooth - Mint Choc Fudge Shake - VG - SF,Product,Labelled,Shortfill,1
SV6156905SM,Smooth - Banana Shake - VG - SF,Product,Labelled,Shortfill,1
SV6156805SM,Smooth - Strawberry Shake - VG - SF,Product,Labelled,Shortfill,1
SV6147010F0,Fused - Grape Raspberry Duo - VG - SF,Product,Labelled,Shortfill,1
SV6147110F0,Fused - Apple Blackcurrant Duo - VG - SF,Product,Labelled,Shortfill,1
SV6147210F0,Fused - Strawberry Kiwi Duo - VG - SF,Product,Labelled,Shortfill,1
SV6147310F0,Fused - Mango Passion Duo - VG - SF,Product,Labelled,Shortfill,1
SV6147410F0,Fused - Apple Pear Duo - VG - SF,Product,Labelled,Shortfill,1
SV6147510FI,Fused On Ice - Grape Raspberry Duo Ice - VG - SF,Product,Labelled,Shortfill,1
SV6147610FI,Fused On Ice - Apple Blackcurrant Duo Ice - VG - SF,Product,Labelled,Shortfill,1
SV6147710FI,Fused On Ice - Strawberry Kiwi Duo Ice - VG - SF,Product,Labelled,Shortfill,1
SV6147810FI,Fused On Ice - Mango Passion Duo Ice - VG - SF,Product,Labelled,Shortfill,1
SV6147910FI,Fused On Ice - Apple Pear Duo Ice - VG - SF,Product,Labelled,Shortfill,1
P5148410FS,Fifty-Fifty Smooth - Apricot Yoghurt Nicotine Salt - PG - 10mg,Product,Labelled,Nicotine Salt,1
P5148420FS,Fifty-Fifty Smooth - Apricot Yoghurt Nicotine Salt - PG - 20mg,Product,Labelled,Nicotine Salt,1
P5150010BL,Brain Freeze Salt - Kool Watermelon Nicotine Salt - PG - 10mg,Product,Labelled,Nicotine Salt,1
P5150020BL,Brain Freeze Salt - Kool Watermelon Nicotine Salt - PG - 20mg,Product,Labelled,Nicotine Salt,1
P5150210BL,Brain Freeze Salt - Watermelon Nicotine Salt - PG - 10mg,Product,Labelled,Nicotine Salt,1
P5150220BL,Brain Freeze Salt - Watermelon Nicotine Salt - PG - 20mg,Product,Labelled,Nicotine Salt,1
P5150410BL,Brain Freeze Salt - Kool Lychee Blackcurrant Nicotine Salt - PG - 10mg,Product,Labelled,Nicotine Salt,1
P5150420BL,Brain Freeze Salt - Kool Lychee Blackcurrant Nicotine Salt - PG - 20mg,Product,Labelled,Nicotine Salt,1
P5150610DL,Brain Freeze Defrosted Salt - Lychee Blackcurrant Nicotine Salt - PG - 10mg,Product,Labelled,Nicotine Salt,1
P5150620DL,Brain Freeze Defrosted Salt - Lychee Blackcurrant Nicotine Salt - PG - 20mg,Product,Labelled,Nicotine Salt,1
P5150810BL,Brain Freeze Salt - Kool Mango Blackcurrant Nicotine Salt - PG - 10mg,Product,Labelled,Nicotine Salt,1
P5150820BL,Brain Freeze Salt - Kool Mango Blackcurrant Nicotine Salt - PG - 20mg,Product,Labelled,Nicotine Salt,1
P5151010DL,Brain Freeze Defrosted Salt - Mango Blackcurrant Nicotine Salt - PG - 10mg,Product,Labelled,Nicotine Salt,1
P5151020DL,Brain Freeze Defrosted Salt - Mango Blackcurrant Nicotine Salt - PG - 20mg,Product,Labelled,Nicotine Salt,1
P5151210BL,Brain Freeze Salt - Kool Lemon & Lime Nicotine Salt - PG - 10mg,Product,Labelled,Nicotine Salt,1
P5151220BL,Brain Freeze Salt - Kool Lemon & Lime Nicotine Salt - PG - 20mg,Product,Labelled,Nicotine Salt,1
P5151410DL,Brain Freeze Defrosted Salt - Lemon & Lime Nicotine Salt - PG - 10mg,Product,Labelled,Nicotine Salt,1
P5151420DL,Brain Freeze Defrosted Salt - Lemon & Lime Nicotine Salt - PG - 20mg,Product,Labelled,Nicotine Salt,1
P5151610BL,Brain Freeze Salt - Kool Apple Nicotine Salt - PG - 10mg,Product,Labelled,Nicotine Salt,1
P5151620BL,Brain Freeze Salt - Kool Apple Nicotine Salt - PG - 20mg,Product,Labelled,Nicotine Salt,1
P5151810DL,Brain Freeze Defrosted Salt - Apple Nicotine Salt - PG - 10mg,Product,Labelled,Nicotine Salt,1
P5151820DL,Brain Freeze Defrosted Salt - Apple Nicotine Salt - PG - 20mg,Product,Labelled,Nicotine Salt,1
P5152010BL,Brain Freeze Salt - Kool Raspberry Nicotine Salt - PG - 10mg,Product,Labelled,Nicotine Salt,1
P5152020BL,Brain Freeze Salt - Kool Raspberry Nicotine Salt - PG - 20mg,Product,Labelled,Nicotine Salt,1
P5152210DL,Brain Freeze Defrosted Salt - Raspberry Nicotine Salt - PG - 10mg,Product,Labelled,Nicotine Salt,1
P5152220DL,Brain Freeze Defrosted Salt - Raspberry Nicotine Salt - PG - 20mg,Product,Labelled,Nicotine Salt,1
P5142610FS,Fifty-Fifty Smooth - Mango Madness Nicotine Salt - PG - 10mg,Product,Labelled,Nicotine Salt,1
P5142620FS,Fifty-Fifty Smooth - Mango Madness Nicotine Salt - PG - 20mg,Product,Labelled,Nicotine Salt,1
SV6152405BF,Brain Freeze - Kool Watermelon - VG - SF,Product,Labelled,Shortfill,1
SV6164805WW,Winter Wonderland - Candy Cane - VG - SF,Product,Labelled,Shortfill,1
SV6164905WW,Winter Wonderland - Mince Pie Xmas Pudding - VG - SF,Product,Labelled,Shortfill,1
SV6159805AR,Ares - Blackcurrant Aniseed - VG - SF,Product,Labelled,Shortfill,1
SV6159905AR,Ares - Grape Aniseed - VG - SF,Product,Labelled,Shortfill,1
SV6160005AR,Ares - Lemon & Mint Aniseed - VG - SF,Product,Labelled,Shortfill,1
SV6160105AR,Ares - Raspberry Aniseed - VG - SF,Product,Labelled,Shortfill,1
SV7229110WW,Winter Wonderland - Gingerbread Man,Product,Labelled,Shortfill,1
SV6161405CL,Candy Land - Drumsticks - VG - SF,Product,Labelled,Shortfill,1
SV6156205CL,Candy Land - Rhubarb & Custard - VG - SF,Product,Labelled,Shortfill,1
SV6161305CL,Candy Land - Gummy Bears - VG - SF,Product,Labelled,Shortfill,1
P7225100CR,The Cedar Reserve - Lemon & Lime - PG - 00mg,Product,Labelled,Freebase,1
P7225103CR,The Cedar Reserve - Lemon & Lime - PG - 03mg,Product,Labelled,Freebase,1
P7225106CR,The Cedar Reserve - Lemon & Lime - PG - 06mg,Product,Labelled,Freebase,1
P7225112CR,The Cedar Reserve - Lemon & Lime - PG - 12mg,Product,Labelled,Freebase,1
P7225118CR,The Cedar Reserve - Lemon & Lime - PG - 18mg,Product,Labelled,Freebase,1
P7203700CR,The Cedar Reserve - Wild Strawberry - PG - 00mg,Product,Labelled,Freebase,1
P7203703CR,The Cedar Reserve - Wild Strawberry - PG - 03mg,Product,Labelled,Freebase,1
P7203706CR,The Cedar Reserve - Wild Strawberry - PG - 06mg,Product,Labelled,Freebase,1
P7203712CR,The Cedar Reserve - Wild Strawberry - PG - 12mg,Product,Labelled,Freebase,1
P7203718CR,The Cedar Reserve - Wild Strawberry - PG - 18mg,Product,Labelled,Freebase,1
P7203200CR,The Cedar Reserve - Rhubarb & Custard - PG - 00mg,Product,Labelled,Freebase,1
P7203203CR,The Cedar Reserve - Rhubarb & Custard - PG - 03mg,Product,Labelled,Freebase,1
P7203206CR,The Cedar Reserve - Rhubarb & Custard - PG - 06mg,Product,Labelled,Freebase,1
P7203212CR,The Cedar Reserve - Rhubarb & Custard - PG - 12mg,Product,Labelled,Freebase,1
P7203218CR,The Cedar Reserve - Rhubarb & Custard - PG - 18mg,Product,Labelled,Freebase,1
P7203400CR,The Cedar Reserve - Peppermint - PG - 00mg,Product,Labelled,Freebase,1
P7203403CR,The Cedar Reserve - Peppermint - PG - 03mg,Product,Labelled,Freebase,1
P7203406CR,The Cedar Reserve - Peppermint - PG - 06mg,Product,Labelled,Freebase,1
P7203412CR,The Cedar Reserve - Peppermint - PG - 12mg,Product,Labelled,Freebase,1
P7203418CR,The Cedar Reserve - Peppermint - PG - 18mg,Product,Labelled,Freebase,1
P7203900CR,The Cedar Reserve - Cherry Menthol - PG- 00mg,Product,Labelled,Freebase,1
P7203903CR,The Cedar Reserve - Cherry Menthol - PG- 03mg,Product,Labelled,Freebase,1
P7203906CR,The Cedar Reserve - Cherry Menthol - PG- 06mg,Product,Labelled,Freebase,1
P7203912CR,The Cedar Reserve - Cherry Menthol - PG- 12mg,Product,Labelled,Freebase,1
P7203918CR,The Cedar Reserve - Cherry Menthol - PG- 18mg,Product,Labelled,Freebase,1
P7204000CR,The Cedar Reserve - Blueberry - PG - 00mg,Product,Labelled,Freebase,1
P7204003CR,The Cedar Reserve - Blueberry - PG - 03mg,Product,Labelled,Freebase,1
P7204006CR,The Cedar Reserve - Blueberry - PG - 06mg,Product,Labelled,Freebase,1
P7204012CR,The Cedar Reserve - Blueberry - PG - 12mg,Product,Labelled,Freebase,1
P7204018CR,The Cedar Reserve - Blueberry - PG - 18mg,Product,Labelled,Freebase,1
P7204100CR,The Cedar Reserve - Blueberry Ice - PG - 00mg,Product,Labelled,Freebase,1
P7204103CR,The Cedar Reserve - Blueberry Ice - PG - 03mg,Product,Labelled,Freebase,1
P7204106CR,The Cedar Reserve - Blueberry Ice - PG - 06mg,Product,Labelled,Freebase,1
P7204112CR,The Cedar Reserve - Blueberry Ice - PG - 12mg,Product,Labelled,Freebase,1
P7204118CR,The Cedar Reserve - Blueberry Ice - PG - 18mg,Product,Labelled,Freebase,1
P7204200CR,The Cedar Reserve - Blue Bonbon - PG - 00mg,Product,Labelled,Freebase,1
P7204203CR,The Cedar Reserve - Blue Bonbon - PG - 03mg,Product,Labelled,Freebase,1
P7204206CR,The Cedar Reserve - Blue Bonbon - PG - 06mg,Product,Labelled,Freebase,1
P7204212CR,The Cedar Reserve - Blue Bonbon - PG - 12mg,Product,Labelled,Freebase,1
P7204218CR,The Cedar Reserve - Blue Bonbon - PG - 18mg,Product,Labelled,Freebase,1
P7204300CR,The Cedar Reserve - Banana Ice - PG - 00mg,Product,Labelled,Freebase,1
P7204303CR,The Cedar Reserve - Banana Ice - PG - 03mg,Product,Labelled,Freebase,1
P7204306CR,The Cedar Reserve - Banana Ice - PG - 06mg,Product,Labelled,Freebase,1
P7204312CR,The Cedar Reserve - Banana Ice - PG - 12mg,Product,Labelled,Freebase,1
P7204318CR,The Cedar Reserve - Banana Ice - PG - 18mg,Product,Labelled,Freebase,1
P7204400CR,The Cedar Reserve - Apple Pie & Custard - PG - 00mg,Product,Labelled,Freebase,1
P7204403CR,The Cedar Reserve - Apple Pie & Custard - PG - 03mg,Product,Labelled,Freebase,1
P7204406CR,The Cedar Reserve - Apple Pie & Custard - PG - 06mg,Product,Labelled,Freebase,1
P7204412CR,The Cedar Reserve - Apple Pie & Custard - PG - 12mg,Product,Labelled,Freebase,1
P7204418CR,The Cedar Reserve - Apple Pie & Custard - PG - 18mg,Product,Labelled,Freebase,1
P7204500CR,The Cedar Reserve - Apple - PG - 00mg,Product,Labelled,Freebase,1
P7204503CR,The Cedar Reserve - Apple - PG - 03mg,Product,Labelled,Freebase,1
P7204506CR,The Cedar Reserve - Apple - PG - 06mg,Product,Labelled,Freebase,1
P7204512CR,The Cedar Reserve - Apple - PG - 12mg,Product,Labelled,Freebase,1
P7204518CR,The Cedar Reserve - Apple - PG - 18mg,Product,Labelled,Freebase,1
P7225000CR,The Cedar Reserve - Milky Latte - PG - 00mg,Product,Labelled,Freebase,1
P7225003CR,The Cedar Reserve - Milky Latte - PG - 03mg,Product,Labelled,Freebase,1
P7225006CR,The Cedar Reserve - Milky Latte - PG - 06mg,Product,Labelled,Freebase,1
P7225012CR,The Cedar Reserve - Milky Latte - PG - 12mg,Product,Labelled,Freebase,1
P7225018CR,The Cedar Reserve - Milky Latte - PG - 18mg,Product,Labelled,Freebase,1
P7243400CR,The Cedar Reserve - Peach - PG - 00mg,Product,Labelled,Freebase,1
P7243403CR,The Cedar Reserve - Peach - PG - 03mg,Product,Labelled,Freebase,1
P7243406CR,The Cedar Reserve - Peach - PG - 06mg,Product,Labelled,Freebase,1
P7243412CR,The Cedar Reserve - Peach - PG - 12mg,Product,Labelled,Freebase,1
P7243418CR,The Cedar Reserve - Peach - PG - 18mg,Product,Labelled,Freebase,1
P7225300CR,The Cedar Reserve - Raspberry - PG - 00mg,Product,Labelled,Freebase,1
P7225303CR,The Cedar Reserve - Raspberry - PG - 03mg,Product,Labelled,Freebase,1
P7225306CR,The Cedar Reserve - Raspberry - PG - 06mg,Product,Labelled,Freebase,1
P7225312CR,The Cedar Reserve - Raspberry - PG - 12mg,Product,Labelled,Freebase,1
P7225318CR,The Cedar Reserve - Raspberry - PG - 18mg,Product,Labelled,Freebase,1
P5245810FS,Fifty-Fifty Smooth - Spearmint Nicotine Salt - PG - 10mg,Product,Labelled,Nicotine Salt,1
P5245820FS,Fifty-Fifty Smooth - Spearmint Nicotine Salt - PG - 20mg,Product,Labelled,Nicotine Salt,1
SV6203605FZ,Fused Fizz Shortfills - Ribena - VG - SF,Product,Labelled,Shortfill,1
SV6203505FZ,Fused Fizz Shortfills - Tropical Punch - VG - SF,Product,Labelled,Shortfill,1
SV6231205FZ,Fused Fizz Shortfills - Lemonade Ice - VG - SF,Product,Labelled,Shortfill,1
SV6251110FZ,Fused Fizz Shortfills - Cherry Peach Lemonade Ice - VG - SF,Product,Labelled,Shortfill,1
SV6251210FZ,Fused Fizz Shortfills - Blue Raspberry Lemonade - VG - SF,Product,Labelled,Shortfill,1
SV6251310FZ,Fused Fizz Shortfills - Cherryade Ice - VG - SF,Product,Labelled,Shortfill,1
SV7155810CD,Bake My Day - Coconut Cream Cake - VG - SF,Product,Labelled,Shortfill,1
SV6156010CD,Bake My Day - Chocolate Fudge Brownie - VG - SF,Product,Labelled,Shortfill,1
SV7155910CD,Bake My Day - Birthday Cake - VG - SF,Product,Labelled,Shortfill,1
SV6155710CD,Bake My Day - Bakewell Tart - VG - SF,Product,Labelled,Shortfill,1
SV7166110CD,Bake My Day - Apple Crumble & Custard - VG - SF,Product,Labelled,Shortfill,1
SV6257610F0,Fused - Orange & Pineapple Duo - VG - SF,Product,Labelled,Shortfill,1
SV6257710FI,Fused On Ice - Orange & Pineapple Duo Ice - VG - SF,Product,Labelled,Shortfill,1
SV6257805AR,Ares - Cherry Aniseed - VG - SF,Product,Labelled,Shortfill,1
P5258110BW,Bar Wars Salts - Kiwi Passionfruit Guava - PG - 10mg,Product,Labelled,Nicotine Salt,1
SV6258205DH,Delish Waffles - Banana Caramel Nut Waffle - VG - SF,Product,Labelled,Shortfill,1
SV6258305DH,Delish Waffles - Toffee Apple Waffle - VG - SF,Product,Labelled,Shortfill,1
SV6258405DH,Delish Waffles - Strawberry Waffle - VG - SF,Product,Labelled,Shortfill,1
SV6258505DH,Delish Waffles - Apricot Waffle - VG - SF,Product,Labelled,Shortfill,1
P7259700CR,The Cedar Reserve - Blackcurrant - PG - 00mg,Product,Labelled,Freebase,1
P7259703CR,The Cedar Reserve - Blackcurrant - PG - 03mg,Product,Labelled,Freebase,1
P7259706CR,The Cedar Reserve - Blackcurrant - PG - 06mg,Product,Labelled,Freebase,1
P7259712CR,The Cedar Reserve - Blackcurrant - PG - 12mg,Product,Labelled,Freebase,1
P7259718CR,The Cedar Reserve - Blackcurrant - PG - 18mg,Product,Labelled,Freebase,1
P7259800CR,The Cedar Reserve - The Blue One - PG - 00mg,Product,Labelled,Freebase,1
P7259803CR,The Cedar Reserve - The Blue One - PG - 03mg,Product,Labelled,Freebase,1
P7259806CR,The Cedar Reserve - The Blue One - PG - 06mg,Product,Labelled,Freebase,1
P7259812CR,The Cedar Reserve - The Blue One - PG - 12mg,Product,Labelled,Freebase,1
P7259818CR,The Cedar Reserve - The Blue One - PG - 18mg,Product,Labelled,Freebase,1
P5261510BW,Bar Wars Salts - Grape Raspberry - PG - 10mg,Product,Labelled,Nicotine Salt,1
P5261610BW,Bar Wars Salts - Strawberry Kiwi - PG - 10mg,Product,Labelled,Nicotine Salt,1
P5261710BW,Bar Wars Salts - Mango Passion - PG - 10mg,Product,Labelled,Nicotine Salt,1
SV6163005CL,Candy Land - Spearmint Chew - VG - SF,Product,Labelled,Shortfill,1
P5264810BS,Bake My Day Salt - Coconut Cream Cake - PG - 10mg,Product,Labelled,Nicotine Salt,1
P5264820BS,Bake My Day Salt - Coconut Cream Cake - PG - 20mg,Product,Labelled,Nicotine Salt,1
P5266810BW,Bar Wars Salts - Blueberry Sour Raspberry - PG - 10mg,Product,Labelled,Nicotine Salt,1
P5266820BW,Bar Wars Salts - Blueberry Sour Raspberry - PG - 20mg,Product,Labelled,Nicotine Salt,1
P5266910BW,Bar Wars Salts - Orange Mango - PG - 10mg,Product,Labelled,Nicotine Salt,1
P5266920BW,Bar Wars Salts - Orange Mango - PG - 20mg,Product,Labelled,Nicotine Salt,1
P5267110BW,Bar Wars Salts - Raspberry Orange - PG - 10mg,Product,Labelled,Nicotine Salt,1
P5267120BW,Bar Wars Salts - Raspberry Orange - PG - 20mg,Product,Labelled,Nicotine Salt,1
SV6162905CL,Candy Land - Blue Bon Bon - VG - SF,Product,Labelled,Shortfill,1
SV6161205CL,Candy Land - Lemon Sherbet Chew - VG - SF,Product,Labelled,Shortfill,1
P5267810BW,Bar Wars Salts - Strawberry Raspberry Cherry - PG - 10mg,Product,Labelled,Nicotine Salt,1
P5267820BW,Bar Wars Salts - Strawberry Raspberry Cherry - PG - 20mg,Product,Labelled,Nicotine Salt,1
P5267910BW,Bar Wars Salts - Apple Blackcurrant - PG - 10mg,Product,Labelled,Nicotine Salt,1
P5267920BW,Bar Wars Salts - Apple Blackcurrant - PG - 20mg,Product,Labelled,Nicotine Salt,1
P5268110BW,Bar Wars Salts - Cherry Peach Lemonade - PG - 10mg,Product,Labelled,Nicotine Salt,1
P5268120BW,Bar Wars Salts - Cherry Peach Lemonade - PG - 20mg,Product,Labelled,Nicotine Salt,1
P5268310BW,Bar Wars Salts - Pineapple Passionfruit - PG - 10mg,Product,Labelled,Nicotine Salt,1
P5268320BW,Bar Wars Salts - Pineapple Passionfruit - PG - 20mg,Product,Labelled,Nicotine Salt,1
P5268410BW,Bar Wars Salts - Strawberry Banana - PG - 10mg,Product,Labelled,Nicotine Salt,1
P5268420BW,Bar Wars Salts - Strawberry Banana - PG - 20mg,Product,Labelled,Nicotine Salt,1
P5268510BW,Bar Wars Salts - Watermelon Sour Apple - PG - 10mg,Product,Labelled,Nicotine Salt,1
P5268520BW,Bar Wars Salts - Watermelon Sour Apple - PG - 20mg,Product,Labelled,Nicotine Salt,1
P5269110BW,Bar Wars Salts - Marybull Ice - PG - 10mg,Product,Labelled,Nicotine Salt,1
P5269310BW,Bar Wars Salts - Triple Melon - PG - 10mg,Product,Labelled,Nicotine Salt,1
P5256320BW,Bar Wars Salts - Strawberry Watermelon Peach - PG - 20mg,Product,Labelled,Nicotine Salt,1
P5269120BW,Bar Wars Salts - Marybull Ice - PG - 20mg,Product,Labelled,Nicotine Salt,1
P5261520BW,Bar Wars Salts - Grape Raspberry - PG - 20mg,Product,Labelled,Nicotine Salt,1
P5258120BW,Bar Wars Salts - Kiwi Passion Fruit Guava - PG - 20mg,Product,Labelled,Nicotine Salt,1
P5261720BW,Bar Wars Salts - Mango Passion - PG - 20mg,Product,Labelled,Nicotine Salt,1
P5261620BW,Bar Wars Salts - Strawberry Kiwi - PG - 20mg,Product,Labelled,Nicotine Salt,1
P5269320BW,Bar Wars Salts - Triple Melon - PG - 20mg,Product,Labelled,Nicotine Salt,1
P5273810BW,Bar Wars Salts - Blue Razz Lemonade - PG - 10mg,Product,Labelled,Nicotine Salt,1
P5274110BW,Bar Wars Salts - Pink Lemonade (Raspberry) - PG - 10mg,Product,Labelled,Nicotine Salt,1
P5274120BW,Bar Wars Salts - Pink Lemonade (Raspberry) - PG - 20mg,Product,Labelled,Nicotine Salt,1
P5273820BW,Bar Wars Salts - Blue Razz Lemonade - PG - 20mg,Product,Labelled,Nicotine Salt,1
P5276910BS,Bake My Day Salt - Apple Pie and Custard - PG - 10mg,Product,Labelled,Nicotine Salt,1
P5277010BS,Bake My Day Salt - Bakewell Tart - PG - 10mg,Product,Labelled,Nicotine Salt,1
P5277110BS,Bake My Day Salt - Birthday Cake - PG - 10mg,Product,Labelled,Nicotine Salt,1
P5277210BS,Bake My Day Salt - Chocolate Fudge Brownie - PG - 10mg,Product,Labelled,Nicotine Salt,1
P704650000,USA Blend - PG - 00mg,Product,Unlabelled,Freebase,1
P704650300,USA Blend - PG - 03mg,Product,Unlabelled,Freebase,1
P704650600,USA Blend - PG - 06mg,Product,Unlabelled,Freebase,1
P704651200,USA Blend - PG - 12mg,Product,Unlabelled,Freebase,1
P704651800,USA Blend - PG - 18mg,Product,Unlabelled,Freebase,1
P704760000,Apple - PG - 00mg,Product,Unlabelled,Freebase,1
P704760300,Apple - PG - 03mg,Product,Unlabelled,Freebase,1
P704760600,Apple - PG - 06mg,Product,Unlabelled,Freebase,1
P704761200,Apple - PG - 12mg,Product,Unlabelled,Freebase,1
P704761800,Apple - PG - 18mg,Product,Unlabelled,Freebase,1
P705660000,Apple Pie & Custard - PG - 00mg,Product,Unlabelled,Freebase,1
P705660300,Apple Pie & Custard - PG - 03mg,Product,Unlabelled,Freebase,1
P705660600,Apple Pie & Custard - PG - 06mg,Product,Unlabelled,Freebase,1
P705661200,Apple Pie & Custard - PG - 12mg,Product,Unlabelled,Freebase,1
P705661800,Apple Pie & Custard - PG - 18mg,Product,Unlabelled,Freebase,1
P705690000,Apricot Yoghurt - PG - 00mg,Product,Unlabelled,Freebase,1
P705690300,Apricot Yoghurt - PG - 03mg,Product,Unlabelled,Freebase,1
P705690600,Apricot Yoghurt - PG - 06mg,Product,Unlabelled,Freebase,1
P705691200,Apricot Yoghurt - PG - 12mg,Product,Unlabelled,Freebase,1
P705691800,Apricot Yoghurt - PG - 18mg,Product,Unlabelled,Freebase,1
P704720000,Berry Mix - PG - 00mg,Product,Unlabelled,Freebase,1
P704720300,Berry Mix - PG - 03mg,Product,Unlabelled,Freebase,1
P704720600,Berry Mix - PG - 06mg,Product,Unlabelled,Freebase,1
P704721200,Berry Mix - PG - 12mg,Product,Unlabelled,Freebase,1
P704721800,Berry Mix - PG - 18mg,Product,Unlabelled,Freebase,1
P704740000,Black Cherry - PG - 00mg,Product,Unlabelled,Freebase,1
P704740300,Black Cherry - PG - 03mg,Product,Unlabelled,Freebase,1
P704740600,Black Cherry - PG - 06mg,Product,Unlabelled,Freebase,1
P704741200,Black Cherry - PG - 12mg,Product,Unlabelled,Freebase,1
P704741800,Black Cherry - PG - 18mg,Product,Unlabelled,Freebase,1
P704750000,Blueberry - PG - 00mg,Product,Unlabelled,Freebase,1
P704750300,Blueberry - PG - 03mg,Product,Unlabelled,Freebase,1
P704750600,Blueberry - PG - 06mg,Product,Unlabelled,Freebase,1
P704751200,Blueberry - PG - 12mg,Product,Unlabelled,Freebase,1
P704751800,Blueberry - PG - 18mg,Product,Unlabelled,Freebase,1
P704700000,Blueberry Menthol - PG - 00mg,Product,Unlabelled,Freebase,1
P704700300,Blueberry Menthol - PG - 03mg,Product,Unlabelled,Freebase,1
P704700600,Blueberry Menthol - PG - 06mg,Product,Unlabelled,Freebase,1
P704701200,Blueberry Menthol - PG - 12mg,Product,Unlabelled,Freebase,1
P704701800,Blueberry Menthol - PG - 18mg,Product,Unlabelled,Freebase,1
P704780000,Blueberry Muffin - PG - 00mg,Product,Unlabelled,Freebase,1
P704780300,Blueberry Muffin - PG - 03mg,Product,Unlabelled,Freebase,1
P704780600,Blueberry Muffin - PG - 06mg,Product,Unlabelled,Freebase,1
P704781200,Blueberry Muffin - PG - 12mg,Product,Unlabelled,Freebase,1
P704781800,Blueberry Muffin - PG - 18mg,Product,Unlabelled,Freebase,1
P706900000,Bubblegum - PG - 00mg,Product,Unlabelled,Freebase,1
P706900300,Bubblegum - PG - 03mg,Product,Unlabelled,Freebase,1
P706900600,Bubblegum - PG - 06mg,Product,Unlabelled,Freebase,1
P706901200,Bubblegum - PG - 12mg,Product,Unlabelled,Freebase,1
P706901800,Bubblegum - PG - 18mg,Product,Unlabelled,Freebase,1
P704680000,Cherry Menthol - PG - 00mg,Product,Unlabelled,Freebase,1
P704680300,Cherry Menthol - PG - 03mg,Product,Unlabelled,Freebase,1
P704680600,Cherry Menthol - PG - 06mg,Product,Unlabelled,Freebase,1
P704681200,Cherry Menthol - PG - 12mg,Product,Unlabelled,Freebase,1
P704681800,Cherry Menthol - PG - 18mg,Product,Unlabelled,Freebase,1
P703130000,Melon Mix - PG - 00mg,Product,Unlabelled,Freebase,1
P703130300,Melon Mix - PG - 03mg,Product,Unlabelled,Freebase,1
P703130600,Melon Mix - PG - 06mg,Product,Unlabelled,Freebase,1
P703131200,Melon Mix - PG - 12mg,Product,Unlabelled,Freebase,1
P703131800,Melon Mix - PG - 18mg,Product,Unlabelled,Freebase,1
P703060000,Gold Leaf - PG - 00mg,Product,Unlabelled,Freebase,1
P703060300,Gold Leaf - PG - 03mg,Product,Unlabelled,Freebase,1
P703060600,Gold Leaf - PG - 06mg,Product,Unlabelled,Freebase,1
P703061200,Gold Leaf - PG - 12mg,Product,Unlabelled,Freebase,1
P703061800,Gold Leaf - PG - 18mg,Product,Unlabelled,Freebase,1
P700310000,Green Monster - PG - 00mg,Product,Unlabelled,Freebase,1
P700310300,Green Monster - PG - 03mg,Product,Unlabelled,Freebase,1
P700310600,Green Monster - PG - 06mg,Product,Unlabelled,Freebase,1
P700311200,Green Monster - PG - 12mg,Product,Unlabelled,Freebase,1
P700311800,Green Monster - PG - 18mg,Product,Unlabelled,Freebase,1
P704790000,Gummy Bears - PG - 00mg,Product,Unlabelled,Freebase,1
P704790300,Gummy Bears - PG - 03mg,Product,Unlabelled,Freebase,1
P704790600,Gummy Bears - PG - 06mg,Product,Unlabelled,Freebase,1
P704791200,Gummy Bears - PG - 12mg,Product,Unlabelled,Freebase,1
P704791800,Gummy Bears - PG - 18mg,Product,Unlabelled,Freebase,1
P703170000,Jager - PG - 00mg,Product,Unlabelled,Freebase,1
P703170300,Jager - PG - 03mg,Product,Unlabelled,Freebase,1
P703170600,Jager - PG - 06mg,Product,Unlabelled,Freebase,1
P703171200,Jager - PG - 12mg,Product,Unlabelled,Freebase,1
P703171800,Jager - PG - 18mg,Product,Unlabelled,Freebase,1
P703150000,Sweet Liquorice - PG - 00mg,Product,Unlabelled,Freebase,1
P703150300,Sweet Liquorice - PG - 03mg,Product,Unlabelled,Freebase,1
P703150600,Sweet Liquorice - PG - 06mg,Product,Unlabelled,Freebase,1
P703151200,Sweet Liquorice - PG - 12mg,Product,Unlabelled,Freebase,1
P703151800,Sweet Liquorice - PG - 18mg,Product,Unlabelled,Freebase,1
P704710000,Grape Menthol - PG - 00mg,Product,Unlabelled,Freebase,1
P704710300,Grape Menthol - PG - 03mg,Product,Unlabelled,Freebase,1
P704710600,Grape Menthol - PG - 06mg,Product,Unlabelled,Freebase,1
P704711200,Grape Menthol - PG - 12mg,Product,Unlabelled,Freebase,1
P704711800,Grape Menthol - PG - 18mg,Product,Unlabelled,Freebase,1
P706880000,Lemon & Lime - PG - 00mg,Product,Unlabelled,Freebase,1
P706880300,Lemon & Lime - PG - 03mg,Product,Unlabelled,Freebase,1
P706880600,Lemon & Lime - PG - 06mg,Product,Unlabelled,Freebase,1
P706881200,Lemon & Lime - PG - 12mg,Product,Unlabelled,Freebase,1
P706881800,Lemon & Lime - PG - 18mg,Product,Unlabelled,Freebase,1
P703190000,Mango Ice Tea - PG - 00mg,Product,Unlabelled,Freebase,1
P703190300,Mango Ice Tea - PG - 03mg,Product,Unlabelled,Freebase,1
P703190600,Mango Ice Tea - PG - 06mg,Product,Unlabelled,Freebase,1
P703191200,Mango Ice Tea - PG - 12mg,Product,Unlabelled,Freebase,1
P703191800,Mango Ice Tea - PG - 18mg,Product,Unlabelled,Freebase,1
P703080000,Strong Menthol - PG - 00mg,Product,Unlabelled,Freebase,1
P703080300,Strong Menthol - PG - 03mg,Product,Unlabelled,Freebase,1
P703080600,Strong Menthol - PG - 06mg,Product,Unlabelled,Freebase,1
P703081200,Strong Menthol - PG - 12mg,Product,Unlabelled,Freebase,1
P703081800,Strong Menthol - PG - 18mg,Product,Unlabelled,Freebase,1
P703070000,Menthol - PG - 00mg,Product,Unlabelled,Freebase,1
P703070300,Menthol - PG - 03mg,Product,Unlabelled,Freebase,1
P703070600,Menthol - PG - 06mg,Product,Unlabelled,Freebase,1
P703071200,Menthol - PG - 12mg,Product,Unlabelled,Freebase,1
P703071800,Menthol - PG - 18mg,Product,Unlabelled,Freebase,1
P703090000,Menthol Mint - PG - 00mg,Product,Unlabelled,Freebase,1
P703090300,Menthol Mint - PG - 03mg,Product,Unlabelled,Freebase,1
P703090600,Menthol Mint - PG - 06mg,Product,Unlabelled,Freebase,1
P703091200,Menthol Mint - PG - 12mg,Product,Unlabelled,Freebase,1
P703091800,Menthol Mint - PG - 18mg,Product,Unlabelled,Freebase,1
P706910000,Menthol Tobacco - PG - 00mg,Product,Unlabelled,Freebase,1
P706910300,Menthol Tobacco - PG - 03mg,Product,Unlabelled,Freebase,1
P706910600,Menthol Tobacco - PG - 06mg,Product,Unlabelled,Freebase,1
P706911200,Menthol Tobacco - PG - 12mg,Product,Unlabelled,Freebase,1
P706911800,Menthol Tobacco - PG - 18mg,Product,Unlabelled,Freebase,1
P706590000,Parma Violet - PG - 00mg,Product,Unlabelled,Freebase,1
P706590300,Parma Violet - PG - 03mg,Product,Unlabelled,Freebase,1
P706590600,Parma Violet - PG - 06mg,Product,Unlabelled,Freebase,1
P706591200,Parma Violet - PG - 12mg,Product,Unlabelled,Freebase,1
P706591800,Parma Violet - PG - 18mg,Product,Unlabelled,Freebase,1
P703140000,Peach - PG - 00mg,Product,Unlabelled,Freebase,1
P703140300,Peach - PG - 03mg,Product,Unlabelled,Freebase,1
P703140600,Peach - PG - 06mg,Product,Unlabelled,Freebase,1
P703141200,Peach - PG - 12mg,Product,Unlabelled,Freebase,1
P703141800,Peach - PG - 18mg,Product,Unlabelled,Freebase,1
P705670000,Pear Drops - PG - 00mg,Product,Unlabelled,Freebase,1
P705670300,Pear Drops - PG - 03mg,Product,Unlabelled,Freebase,1
P705670600,Pear Drops - PG - 06mg,Product,Unlabelled,Freebase,1
P705671200,Pear Drops - PG - 12mg,Product,Unlabelled,Freebase,1
P705671800,Pear Drops - PG - 18mg,Product,Unlabelled,Freebase,1
P703110000,Peppermint - PG - 00mg,Product,Unlabelled,Freebase,1
P703110300,Peppermint - PG - 03mg,Product,Unlabelled,Freebase,1
P703110600,Peppermint - PG - 06mg,Product,Unlabelled,Freebase,1
P703111200,Peppermint - PG - 12mg,Product,Unlabelled,Freebase,1
P703111800,Peppermint - PG - 18mg,Product,Unlabelled,Freebase,1
P704770000,Skittles - PG - 00mg,Product,Unlabelled,Freebase,1
P704770300,Skittles - PG - 03mg,Product,Unlabelled,Freebase,1
P704770600,Skittles - PG - 06mg,Product,Unlabelled,Freebase,1
P704771200,Skittles - PG - 12mg,Product,Unlabelled,Freebase,1
P704771800,Skittles - PG - 18mg,Product,Unlabelled,Freebase,1
P706920000,Raspberry - PG - 00mg,Product,Unlabelled,Freebase,1
P706920300,Raspberry - PG - 03mg,Product,Unlabelled,Freebase,1
P706920600,Raspberry - PG - 06mg,Product,Unlabelled,Freebase,1
P706921200,Raspberry - PG - 12mg,Product,Unlabelled,Freebase,1
P706921800,Raspberry - PG - 18mg,Product,Unlabelled,Freebase,1
P704800000,Watermelon Candy - PG - 00mg,Product,Unlabelled,Freebase,1
P704800300,Watermelon Candy - PG - 03mg,Product,Unlabelled,Freebase,1
P704800600,Watermelon Candy - PG - 06mg,Product,Unlabelled,Freebase,1
P704801200,Watermelon Candy - PG - 12mg,Product,Unlabelled,Freebase,1
P704801800,Watermelon Candy - PG - 18mg,Product,Unlabelled,Freebase,1
P703100000,Spearmint - PG - 00mg,Product,Unlabelled,Freebase,1
P703100300,Spearmint - PG - 03mg,Product,Unlabelled,Freebase,1
P703100600,Spearmint - PG - 06mg,Product,Unlabelled,Freebase,1
P703101200,Spearmint - PG - 12mg,Product,Unlabelled,Freebase,1
P703101800,Spearmint - PG - 18mg,Product,Unlabelled,Freebase,1
P704690000,Strawberry Menthol - PG - 00mg,Product,Unlabelled,Freebase,1
P704690300,Strawberry Menthol - PG - 03mg,Product,Unlabelled,Freebase,1
P704690600,Strawberry Menthol - PG - 06mg,Product,Unlabelled,Freebase,1
P704691200,Strawberry Menthol - PG - 12mg,Product,Unlabelled,Freebase,1
P704691800,Strawberry Menthol - PG - 18mg,Product,Unlabelled,Freebase,1
P704660000,Tobacco - PG - 00mg,Product,Unlabelled,Freebase,1
P704660300,Tobacco - PG - 03mg,Product,Unlabelled,Freebase,1
P704660600,Tobacco - PG - 06mg,Product,Unlabelled,Freebase,1
P704661200,Tobacco - PG - 12mg,Product,Unlabelled,Freebase,1
P704661800,Tobacco - PG - 18mg,Product,Unlabelled,Freebase,1
P703120000,Tropical Mix - PG - 00mg,Product,Unlabelled,Freebase,1
P703120300,Tropical Mix - PG - 03mg,Product,Unlabelled,Freebase,1
P703120600,Tropical Mix - PG - 06mg,Product,Unlabelled,Freebase,1
P703121200,Tropical Mix - PG - 12mg,Product,Unlabelled,Freebase,1
P703121800,Tropical Mix - PG - 18mg,Product,Unlabelled,Freebase,1
P705680000,Tutti Fruity - PG - 00mg,Product,Unlabelled,Freebase,1
P705680300,Tutti Fruity - PG - 03mg,Product,Unlabelled,Freebase,1
P705680600,Tutti Fruity - PG - 06mg,Product,Unlabelled,Freebase,1
P705681200,Tutti Fruity - PG - 12mg,Product,Unlabelled,Freebase,1
P705681800,Tutti Fruity - PG - 18mg,Product,Unlabelled,Freebase,1
P708410000,Vanilla - PG - 00mg,Product,Unlabelled,Freebase,1
P708410300,Vanilla - PG - 03mg,Product,Unlabelled,Freebase,1
P708410600,Vanilla - PG - 06mg,Product,Unlabelled,Freebase,1
P708411200,Vanilla - PG - 12mg,Product,Unlabelled,Freebase,1
P708411800,Vanilla - PG - 18mg,Product,Unlabelled,Freebase,1
P703180000,Wild Strawberry - PG - 00mg,Product,Unlabelled,Freebase,1
P703180300,Wild Strawberry - PG - 03mg,Product,Unlabelled,Freebase,1
P703180600,Wild Strawberry - PG - 06mg,Product,Unlabelled,Freebase,1
P703181200,Wild Strawberry - PG - 12mg,Product,Unlabelled,Freebase,1
P703181800,Wild Strawberry - PG - 18mg,Product,Unlabelled,Freebase,1
V903220000,Banana Custard - VG - 00mg,Product,Unlabelled,Freebase,1
V903220300,Banana Custard - VG - 03mg,Product,Unlabelled,Freebase,1
V903220600,Banana Custard - VG - 06mg,Product,Unlabelled,Freebase,1
V704730000,Berry Mix - VG - 00mg,Product,Unlabelled,Freebase,1
V704730300,Berry Mix - VG - 03mg,Product,Unlabelled,Freebase,1
V704730600,Berry Mix - VG - 06mg,Product,Unlabelled,Freebase,1
V706890000,Green Monster - VG - 00mg,Product,Unlabelled,Freebase,1
V706890300,Green Monster - VG - 03mg,Product,Unlabelled,Freebase,1
V706890600,Green Monster - VG - 06mg,Product,Unlabelled,Freebase,1
V707210000,Mango Ice Tea - VG - 00mg,Product,Unlabelled,Freebase,1
V707210300,Mango Ice Tea - VG - 03mg,Product,Unlabelled,Freebase,1
V707210600,Mango Ice Tea - VG - 06mg,Product,Unlabelled,Freebase,1
V703230000,Nana's Custard Doughnut - VG - 00mg,Product,Unlabelled,Freebase,1
V703230300,Nana's Custard Doughnut - VG - 03mg,Product,Unlabelled,Freebase,1
V703230600,Nana's Custard Doughnut - VG - 06mg,Product,Unlabelled,Freebase,1
V704670000,Tobacco - VG - 00mg,Product,Unlabelled,Freebase,1
V704670300,Tobacco - VG - 03mg,Product,Unlabelled,Freebase,1
V704670600,Tobacco - VG - 06mg,Product,Unlabelled,Freebase,1
V703200000,Tropical Storm - VG - 00mg,Product,Unlabelled,Freebase,1
V703200300,Tropical Storm - VG - 03mg,Product,Unlabelled,Freebase,1
V703200600,Tropical Storm - VG - 06mg,Product,Unlabelled,Freebase,1
V105260000,Apple Cinnamon Doughnut - VG - 00mg,Product,Unlabelled,Freebase,1
V105260300,Apple Cinnamon Doughnut - VG - 03mg,Product,Unlabelled,Freebase,1
V105260600,Apple Cinnamon Doughnut - VG - 06mg,Product,Unlabelled,Freebase,1
V105250000,Blueberry Jam Doughnut - VG - 00mg,Product,Unlabelled,Freebase,1
V105250300,Blueberry Jam Doughnut - VG - 03mg,Product,Unlabelled,Freebase,1
V105250600,Blueberry Jam Doughnut - VG - 06mg,Product,Unlabelled,Freebase,1
V103230000,Custard Doughnut - VG - 00mg,Product,Unlabelled,Freebase,1
V103230300,Custard Doughnut - VG - 03mg,Product,Unlabelled,Freebase,1
V103230600,Custard Doughnut - VG - 06mg,Product,Unlabelled,Freebase,1
V105230000,Dave's Dodgy Doughnut - VG - 00mg,Product,Unlabelled,Freebase,1
V105230300,Dave's Dodgy Doughnut - VG - 03mg,Product,Unlabelled,Freebase,1
V105230600,Dave's Dodgy Doughnut - VG - 06mg,Product,Unlabelled,Freebase,1
P100000900,100% PG Nicotine Shot - PG - 09mg,Product,Unlabelled,Freebase,1
P100001800,100% PG Nicotine Shot - PG - 18mg,Product,Unlabelled,Freebase,1
V100000900,100% VG Nicotine Shot - VG - 09mg,Product,Unlabelled,Freebase,1
V100001500,100% VG Nicotine Shot - VG - 15mg,Product,Unlabelled,Freebase,1
V100001800,100% VG Nicotine Shot - VG - 18mg,Product,Unlabelled,Freebase,1
V100002000,100% VG Nicotine Shot - VG - 20mg,Product,Unlabelled,Freebase,1
V700001800,70% VG Nicotine Shot - VG - 18mg,Product,Unlabelled,Freebase,1
P500000900,50/50 Nicotine Shot - PG - 09mg,Product,Unlabelled,Freebase,1
P500001800,50/50 Nicotine Shot - PG - 18mg,Product,Unlabelled,Freebase,1
P100000000,100% PG Nicotine Free Shot - PG - 00mg,Product,Unlabelled,Freebase,1
V100000000,100% VG Nicotine Free Shot - VG - 00mg,Product,Unlabelled,Freebase,1
V706481800,Sub Zero Nicotine Shot - VG - 18mg,Product,Unlabelled,Freebase,1
V706741800,Absolute Zero Nicotine Shot - VG - 18mg,Product,Unlabelled,Freebase,1
V707261800,70% VG Nicotine Salt Shot - VG - 18mg,Product,Unlabelled,Freebase,1
V707262000,70% VG Nicotine Salt Shot - VG - 20mg,Product,Unlabelled,Freebase,1
V107261800,Max VG Nicotine Salt Shot - VG - 18mg,Product,Unlabelled,Freebase,1
V605390300,Blackcurrant Blush - VG - 03mg,Product,Unlabelled,Freebase,1
V605390600,Blackcurrant Blush - VG - 06mg,Product,Unlabelled,Freebase,1
V605391200,Blackcurrant Blush - VG - 12mg,Product,Unlabelled,Freebase,1
V605391800,Blackcurrant Blush - VG - 18mg,Product,Unlabelled,Freebase,1
V605410300,Raspberry Lemonade - VG - 03mg,Product,Unlabelled,Freebase,1
V605410600,Raspberry Lemonade - VG - 06mg,Product,Unlabelled,Freebase,1
V605411200,Raspberry Lemonade - VG - 12mg,Product,Unlabelled,Freebase,1
V605411800,Raspberry Lemonade - VG - 18mg,Product,Unlabelled,Freebase,1
V702440300,Tropical sparkle - VG - 03mg,Product,Unlabelled,Freebase,1
V702440600,Tropical sparkle - VG - 06mg,Product,Unlabelled,Freebase,1
V702441200,Tropical sparkle - VG - 12mg,Product,Unlabelled,Freebase,1
V702441800,Tropical sparkle - VG - 18mg,Product,Unlabelled,Freebase,1
P507642000,Banana cream Nicotine Salt - PG - 20mg,Product,Unlabelled,Nicotine Salt,1
P507632000,! Blue Raspberry Nicotine Salt - PG - 20mg,Product,Unlabelled,Nicotine Salt,1
P507692000,Forest fruits Nicotine Salt - PG - 20mg,Product,Unlabelled,Nicotine Salt,1
P507682000,Lemon Tart Nicotine Salt - PG - 20mg,Product,Unlabelled,Nicotine Salt,1
P507702000,Raspberry Tart Nicotine Salt - PG - 20mg,Product,Unlabelled,Nicotine Salt,1
P507662000,Sweet tobacco Nicotine Salt - PG - 20mg,Product,Unlabelled,Nicotine Salt,1
P509492000,Black Ice Nicotine Salt - PG - 20mg,Product,Unlabelled,Nicotine Salt,1
P507542000,! Red Astaire Nicotine Salt - PG - 20mg,Product,Unlabelled,Nicotine Salt,1
P507472000,! H Berg Nicotine Salt - PG - 20mg,Product,Unlabelled,Nicotine Salt,1
P509482000,Menthol Nicotine Salt - PG - 20mg,Product,Unlabelled,Nicotine Salt,1
P507712000,Red Astaire Nicotine Salt - PG - 20mg,Product,Unlabelled,Nicotine Salt,1
P507652000,H Berg Nicotine Salt - PG - 20mg,Product,Unlabelled,Nicotine Salt,1
P805470300,1912 - PG - 03mg,Product,Unlabelled,Freebase,1
P805470600,1912 - PG - 06mg,Product,Unlabelled,Freebase,1
P805471200,1912 - PG - 12mg,Product,Unlabelled,Freebase,1
P805471800,1912 - PG - 18mg,Product,Unlabelled,Freebase,1
V805480300,Accies Baccy - VG - 03mg,Product,Unlabelled,Freebase,1
V805480600,Accies Baccy - VG - 06mg,Product,Unlabelled,Freebase,1
V805481200,Accies Baccy - VG - 12mg,Product,Unlabelled,Freebase,1
V805481800,Accies Baccy - VG - 18mg,Product,Unlabelled,Freebase,1
P505320300,Accies Ambrosia - PG - 03mg,Product,Unlabelled,Freebase,1
P505320600,Accies Ambrosia - PG - 06mg,Product,Unlabelled,Freebase,1
P505321200,Accies Ambrosia - PG - 12mg,Product,Unlabelled,Freebase,1
P505321800,Accies Ambrosia - PG - 18mg,Product,Unlabelled,Freebase,1
P505540300,Melon of Troy - PG - 03mg,Product,Unlabelled,Freebase,1
P505540600,Melon of Troy - PG - 06mg,Product,Unlabelled,Freebase,1
P505541200,Melon of Troy - PG - 12mg,Product,Unlabelled,Freebase,1
P505541800,Melon of Troy - PG - 18mg,Product,Unlabelled,Freebase,1
V605550300,R&R - VG - 03mg,Product,Unlabelled,Freebase,1
V605550600,R&R - VG - 06mg,Product,Unlabelled,Freebase,1
V605551200,R&R - VG - 12mg,Product,Unlabelled,Freebase,1
V605551800,R&R - VG - 18mg,Product,Unlabelled,Freebase,1
V605560300,Rhubarb & Custard - VG - 03mg,Product,Unlabelled,Freebase,1
V605560600,Rhubarb & Custard - VG - 06mg,Product,Unlabelled,Freebase,1
V605561200,Rhubarb & Custard - VG - 12mg,Product,Unlabelled,Freebase,1
V605561800,Rhubarb & Custard - VG - 18mg,Product,Unlabelled,Freebase,1
V105190000,Brains - VG - 00mg,Product,Unlabelled,Freebase,1
V105190300,Brains - VG - 03mg,Product,Unlabelled,Freebase,1
V105190600,Brains - VG - 06mg,Product,Unlabelled,Freebase,1
V105220000,Safe Zone - VG - 00mg,Product,Unlabelled,Freebase,1
V105220300,Safe Zone - VG - 03mg,Product,Unlabelled,Freebase,1
V105220600,Safe Zone - VG - 06mg,Product,Unlabelled,Freebase,1
V105200000,The Horde - VG - 00mg,Product,Unlabelled,Freebase,1
V105200300,The Horde - VG - 03mg,Product,Unlabelled,Freebase,1
V105200600,The Horde - VG - 06mg,Product,Unlabelled,Freebase,1
V100060000,The Host - VG - 00mg,Product,Unlabelled,Freebase,1
V100060300,The Host - VG - 03mg,Product,Unlabelled,Freebase,1
V100060600,The Host - VG - 06mg,Product,Unlabelled,Freebase,1
SV110050500,Watermelon Bubblegum - VG - SF,Product,Unlabelled,Shortfill,1
SV110060500,Creamy Custard - VG - SF,Product,Unlabelled,Shortfill,1
SV110070500,Strawberry Shortcake - VG - SF,Product,Unlabelled,Shortfill,1
SV610080500,White chocolate & raspberry - VG - SF,Product,Unlabelled,Shortfill,1
SV610090500,Lemon Tart - VG - SF,Product,Unlabelled,Shortfill,1
SV610100500,Peach and passion fruit - VG - SF,Product,Unlabelled,Shortfill,1
SV610110500,Blueberry Muffin - VG - SF,Product,Unlabelled,Shortfill,1
SV710120400,Date and Fig Tobacco - VG - SF,Product,Unlabelled,Shortfill,1
SV710130400,Nutz 4 Tobacco - VG - SF,Product,Unlabelled,Shortfill,1
SV710140400,Tobacco Chocolate - VG - SF,Product,Unlabelled,Shortfill,1
SV710150400,Dessert Tobacco - VG - SF,Product,Unlabelled,Shortfill,1
SV910160500,Kool Blackcurrant mango - VG - SF,Product,Unlabelled,Shortfill,1
SV810170500,Lemon & Lime Koolada - VG - SF,Product,Unlabelled,Shortfill,1
SV910180500,Kool Blackcurrant Lychee - VG - SF,Product,Unlabelled,Shortfill,1
SV110190500,Kool Raspberry - VG - SF,Product,Unlabelled,Shortfill,1
SV110200500,Kool Orange - VG - SF,Product,Unlabelled,Shortfill,1
SV810210500,Kool Apple - VG - SF,Product,Unlabelled,Shortfill,1
SV610220500,Lemon & Lime - VG - SF,Product,Unlabelled,Shortfill,1
SV610230500,Raspberry - VG - SF,Product,Unlabelled,Shortfill,1
SV610240500,Blackcurrant mango - VG - SF,Product,Unlabelled,Shortfill,1
SV610250500,Apple - VG - SF,Product,Unlabelled,Shortfill,1
SV610260500,Blackcurrant Lychee - VG - SF,Product,Unlabelled,Shortfill,1
SV610270500,Pear Drops - VG - SF,Product,Unlabelled,Shortfill,1
SV610280500,Black Jack - VG - SF,Product,Unlabelled,Shortfill,1
SV610290500,Foam Banana - VG - SF,Product,Unlabelled,Shortfill,1
SV610300500,Apple Rancher - VG - SF,Product,Unlabelled,Shortfill,1
SV610310500,Cherry Tunes - VG - SF,Product,Unlabelled,Shortfill,1
SV610320500,Parma Violet - VG - SF,Product,Unlabelled,Shortfill,1
SV510330400,Blackcurrant lemonade - VG - SF,Product,Unlabelled,Shortfill,1
SV510340400,Apricot yogurt - VG - SF,Product,Unlabelled,Shortfill,1
SV510350400,Pineapple - VG - SF,Product,Unlabelled,Shortfill,1
SV510360400,Grape soda - VG - SF,Product,Unlabelled,Shortfill,1
SV510370400,Strawberry - VG - SF,Product,Unlabelled,Shortfill,1
SV510380400,Red One - VG - SF,Product,Unlabelled,Shortfill,1
SV510390400,Vanilla - VG - SF,Product,Unlabelled,Shortfill,1
SV610400500,Blackcurrant Blush - VG - SF,Product,Unlabelled,Shortfill,1
SV610410500,Raspberry Lemonade - VG - SF,Product,Unlabelled,Shortfill,1
SV610420500,Tropical sparkle - VG - SF,Product,Unlabelled,Shortfill,1
SV610430500,Lemon iced tea - VG - SF,Product,Unlabelled,Shortfill,1
SV610440500,Mint iced tea - VG - SF,Product,Unlabelled,Shortfill,1
SV610450500,Peach iced tea - VG - SF,Product,Unlabelled,Shortfill,1
SV610460500,Strawberry - VG - SF,Product,Unlabelled,Shortfill,1
SV610470500,Grape Soda - VG - SF,Product,Unlabelled,Shortfill,1
SV610480500,Pineapple - VG - SF,Product,Unlabelled,Shortfill,1
SV610490500,Apricot Yoghurt - VG - SF,Product,Unlabelled,Shortfill,1
SV610500500,Bubblegum - VG - SF,Product,Unlabelled,Shortfill,1
SV610510500,Black Lemonade - VG - SF,Product,Unlabelled,Shortfill,1
SV110520500,Blueberry Jam Doughnut - VG - SF,Product,Unlabelled,Shortfill,1
SV110530500,Apple Cinnamon Doughnut - VG - SF,Product,Unlabelled,Shortfill,1
SV110540500,Custard Doughnut - VG - SF,Product,Unlabelled,Shortfill,1
SV110550500,Raspberry and Strawberry Jam Doughnut - VG - SF,Product,Unlabelled,Shortfill,1
CP51056C300,Tropical Storm - PG - 100mg CBD,Product,Unlabelled,CBD,1
CP51056D300,Tropical Storm - PG - 500mg CBD,Product,Unlabelled,CBD,1
CP51057C300,Lemon Tart - PG - 100mg CBD,Product,Unlabelled,CBD,1
CP51057D300,Lemon Tart - PG - 500mg CBD,Product,Unlabelled,CBD,1
CP51058C300,Black Ice - PG - 100mg CBD,Product,Unlabelled,CBD,1
CP51058D300,Black Ice - PG - 500mg CBD,Product,Unlabelled,CBD,1
CP51059C300,Menthol - PG - 100mg CBD,Product,Unlabelled,CBD,1
CP51059D300,Menthol - PG - 500mg CBD,Product,Unlabelled,CBD,1
CP51060C300,Forest Fruits - PG - 100mg CBD,Product,Unlabelled,CBD,1
CP51060D300,Forest Fruits - PG - 500mg CBD,Product,Unlabelled,CBD,1
SV510800500,Menthol - VG - SF,Product,Unlabelled,Shortfill,1
SV712430500,Cola - VG - SF,Product,Unlabelled,Shortfill,1
SV611160500,Raspberry Tart - VG - SF,Product,Unlabelled,Shortfill,1
SV511170400,The Blue One - VG - SF,Product,Unlabelled,Shortfill,1
SV111181000,Vanilla Strawberry Milkshake - VG - SF,Product,Unlabelled,Shortfill,1
SV111191000,Banana Milkshake - VG - SF,Product,Unlabelled,Shortfill,1
SV111201000,Chocolate & Orange Milkshake - VG - SF,Product,Unlabelled,Shortfill,1
SV611731000,Rainbow Candy - VG - SF,Product,Unlabelled,Shortfill,1
SV611741000,Pineapple and Coconut - VG - SF,Product,Unlabelled,Shortfill,1
SV611751000,Strawberry Cotton Candy - VG - SF,Product,Unlabelled,Shortfill,1
SV711761000,Key Lime Pie - VG - SF,Product,Unlabelled,Shortfill,1
P712610000,Pink Lemonade - PG - 00mg,Product,Unlabelled,Freebase,1
P712610300,Pink Lemonade - PG - 03mg,Product,Unlabelled,Freebase,1
P712610600,Pink Lemonade - PG - 06mg,Product,Unlabelled,Freebase,1
P712611200,Pink Lemonade - PG - 12mg,Product,Unlabelled,Freebase,1
P712611800,Pink Lemonade - PG - 18mg,Product,Unlabelled,Freebase,1
P712600000,Blue Bon Bon - PG - 00mg,Product,Unlabelled,Freebase,1
P712600300,Blue Bon Bon - PG - 03mg,Product,Unlabelled,Freebase,1
P712600600,Blue Bon Bon - PG - 06mg,Product,Unlabelled,Freebase,1
P712601200,Blue Bon Bon - PG - 12mg,Product,Unlabelled,Freebase,1
P712601800,Blue Bon Bon - PG - 18mg,Product,Unlabelled,Freebase,1
P712620000,Cherry Tunes - PG - 00mg,Product,Unlabelled,Freebase,1
P712620300,Cherry Tunes - PG - 03mg,Product,Unlabelled,Freebase,1
P712620600,Cherry Tunes - PG - 06mg,Product,Unlabelled,Freebase,1
P712621200,Cherry Tunes - PG - 12mg,Product,Unlabelled,Freebase,1
P712621800,Cherry Tunes - PG - 18mg,Product,Unlabelled,Freebase,1
P512401000,Peach & Passionfruit Nicotine Salts - PG - 10mg,Product,Unlabelled,Nicotine Salt,1
P512402000,Peach & Passionfruit Nicotine Salts - PG - 20mg,Product,Unlabelled,Nicotine Salt,1
P512411000,Blackcurrant Nicotine Salts - PG - 10mg,Product,Unlabelled,Nicotine Salt,1
P512412000,Blackcurrant Nicotine Salts - PG - 20mg,Product,Unlabelled,Nicotine Salt,1
P512391000,Cola Nicotine Salts - PG - 10mg,Product,Unlabelled,Nicotine Salt,1
P512392000,Cola Nicotine Salts - PG - 20mg,Product,Unlabelled,Nicotine Salt,1
SV612650500,Blue Raspberry - VG - SF,Product,Unlabelled,Shortfill,1
SV612660500,Black Ice - VG - SF,Product,Unlabelled,Shortfill,1
SV612670500,Forest Fruits - VG - SF,Product,Unlabelled,Shortfill,1
SV612680500,Banana Cream - VG - SF,Product,Unlabelled,Shortfill,1
P712690000,"Strawberry, Kiwi & Apple - PG - 00mg",Product,Unlabelled,Freebase,1
P712690300,"Strawberry, Kiwi & Apple - PG - 03mg",Product,Unlabelled,Freebase,1
P712690600,"Strawberry, Kiwi & Apple - PG - 06mg",Product,Unlabelled,Freebase,1
P712691200,"Strawberry, Kiwi & Apple - PG - 12mg",Product,Unlabelled,Freebase,1
P712691800,"Strawberry, Kiwi & Apple - PG - 18mg",Product,Unlabelled,Freebase,1
P712700000,Strawberry & Lime Cider - PG - 00mg,Product,Unlabelled,Freebase,1
P712700300,Strawberry & Lime Cider - PG - 03mg,Product,Unlabelled,Freebase,1
P712700600,Strawberry & Lime Cider - PG - 06mg,Product,Unlabelled,Freebase,1
P712701200,Strawberry & Lime Cider - PG - 12mg,Product,Unlabelled,Freebase,1
P712701800,Strawberry & Lime Cider - PG - 18mg,Product,Unlabelled,Freebase,1
P612891000,Rainbow Candy Salt - PG - 10mg,Product,Unlabelled,Nicotine Salt,1
P612892000,Rainbow Candy Salt - PG - 20mg,Product,Unlabelled,Nicotine Salt,1
P612881000,Strawberry Cotton Candy Salt - PG - 10mg,Product,Unlabelled,Nicotine Salt,1
P612882000,Strawberry Cotton Candy Salt - PG - 20mg,Product,Unlabelled,Nicotine Salt,1
P712871000,Key Lime Pie Salt - PG - 10mg,Product,Unlabelled,Nicotine Salt,1
P712872000,Key Lime Pie Salt - PG - 20mg,Product,Unlabelled,Nicotine Salt,1
P612861000,Pineapple and Coconut Salt - PG - 10mg,Product,Unlabelled,Nicotine Salt,1
P612862000,Pineapple and Coconut Salt - PG - 20mg,Product,Unlabelled,Nicotine Salt,1
P507641000,Banana cream Nicotine Salt - PG - 10mg,Product,Unlabelled,Nicotine Salt,1
P507631000,! Blue Raspberry Nicotine Salt - PG - 10mg,Product,Unlabelled,Nicotine Salt,1
P507691000,Forest fruits Nicotine Salt - PG - 10mg,Product,Unlabelled,Nicotine Salt,1
P507681000,Lemon Tart Nicotine Salt - PG - 10mg,Product,Unlabelled,Nicotine Salt,1
P507701000,Raspberry Tart Nicotine Salt - PG - 10mg,Product,Unlabelled,Nicotine Salt,1
P507661000,Sweet tobacco Nicotine Salt - PG - 10mg,Product,Unlabelled,Nicotine Salt,1
P509491000,Black Ice Nicotine Salt - PG - 10mg,Product,Unlabelled,Nicotine Salt,1
P507541000,! Red Astaire Nicotine Salt - PG - 10mg,Product,Unlabelled,Nicotine Salt,1
P507471000,! H Berg Nicotine Salt - PG - 10mg,Product,Unlabelled,Nicotine Salt,1
P509481000,Menthol Nicotine Salt - PG - 10mg,Product,Unlabelled,Nicotine Salt,1
P507711000,Red Astaire Nicotine Salt - PG - 10mg,Product,Unlabelled,Nicotine Salt,1
P507651000,H Berg Nicotine Salt - PG - 10mg,Product,Unlabelled,Nicotine Salt,1
P512971000,Blue Raspberry Nicotine Salt - PG - 10mg,Product,Unlabelled,Nicotine Salt,1
P512972000,Blue Raspberry Nicotine Salt - PG - 20mg,Product,Unlabelled,Nicotine Salt,1
SV712994000,Tropical Mix - VG - SF,Product,Unlabelled,Shortfill,1
SV713004000,Mango Ice Tea - VG - SF,Product,Unlabelled,Shortfill,1
SV713014000,Berry Mix - VG - SF,Product,Unlabelled,Shortfill,1
SV713600500,Carrot Cake - VG - SF,Product,Unlabelled,Shortfill,1
SV613610500,Blueberry & Lime Cider - VG - SF,Product,Unlabelled,Shortfill,1
SV613620500,Mango & Raspberry Cider - VG - SF,Product,Unlabelled,Shortfill,1
SV613630500,Elderflower & Pear Cider - VG - SF,Product,Unlabelled,Shortfill,1
SV613640500,Strawberry & Lime Cider - VG - SF,Product,Unlabelled,Shortfill,1
SV613650500,Dark Fruits Cider - VG - SF,Product,Unlabelled,Shortfill,1
SV613660500,Orchard Apple Cider - VG - SF,Product,Unlabelled,Shortfill,1
SV613670500,Passionfruit Cider - VG - SF,Product,Unlabelled,Shortfill,1
CP51372D0600,Raspberry Moonshine - CBD - 0500mg,Product,Unlabelled,CBD,1
CP51372M0600,Raspberry Moonshine - CBD - 1000mg,Product,Unlabelled,CBD,1
CP51372M2600,Raspberry Moonshine - CBD - 2000mg,Product,Unlabelled,CBD,1
CP51373D0600,Grandaddy Purple - CBD - 0500mg,Product,Unlabelled,CBD,1
CP51373M0600,Grandaddy Purple - CBD - 1000mg,Product,Unlabelled,CBD,1
CP51373M2600,Grandaddy Purple - CBD - 2000mg,Product,Unlabelled,CBD,1
CP51382D0600,Red Dragon - CBD - 0500mg,Product,Unlabelled,CBD,1
CP51382M0600,Red Dragon - CBD - 1000mg,Product,Unlabelled,CBD,1
CP51382M2600,Red Dragon - CBD - 2000mg,Product,Unlabelled,CBD,1
CP51383D0600,Mango Kush - CBD - 0500mg,Product,Unlabelled,CBD,1
CP51383M0600,Mango Kush - CBD - 1000mg,Product,Unlabelled,CBD,1
CP51383M2600,Mango Kush - CBD - 2000mg,Product,Unlabelled,CBD,1
CP51384D0600,Lemon Haze - CBD - 0500mg,Product,Unlabelled,CBD,1
CP51384M0600,Lemon Haze - CBD - 1000mg,Product,Unlabelled,CBD,1
CP51384M2600,Lemon Haze - CBD - 2000mg,Product,Unlabelled,CBD,1
CP51385D0600,Blue Dreams - CBD - 0500mg,Product,Unlabelled,CBD,1
CP51385M0600,Blue Dreams - CBD - 1000mg,Product,Unlabelled,CBD,1
CP51385M2600,Blue Dreams - CBD - 2000mg,Product,Unlabelled,CBD,1
SV615700500,Mint Choc Fudge Shake - VG - SF,Product,Unlabelled,Shortfill,1
SV615690500,Banana Shake - VG - SF,Product,Unlabelled,Shortfill,1
SV615680500,Strawberry Shake - VG - SF,Product,Unlabelled,Shortfill,1
SV614701000,Grape Raspberry Duo - VG - SF,Product,Unlabelled,Shortfill,1
SV614711000,Apple Blackcurrant Duo - VG - SF,Product,Unlabelled,Shortfill,1
SV614721000,Strawberry Kiwi Duo - VG - SF,Product,Unlabelled,Shortfill,1
SV614731000,Mango Passion Duo - VG - SF,Product,Unlabelled,Shortfill,1
SV614741000,Apple Pear Duo - VG - SF,Product,Unlabelled,Shortfill,1
SV614751000,Grape Raspberry Duo Ice - VG - SF,Product,Unlabelled,Shortfill,1
SV614761000,Apple Blackcurrant Duo Ice - VG - SF,Product,Unlabelled,Shortfill,1
SV614771000,Strawberry Kiwi Duo Ice - VG - SF,Product,Unlabelled,Shortfill,1
SV614781000,Mango Passion Duo Ice - VG - SF,Product,Unlabelled,Shortfill,1
SV614791000,Apple Pear Duo Ice - VG - SF,Product,Unlabelled,Shortfill,1
P514841000,Apricot Yoghurt Nicotine Salt - PG - 10mg,Product,Unlabelled,Nicotine Salt,1
P514842000,Apricot Yoghurt Nicotine Salt - PG - 20mg,Product,Unlabelled,Nicotine Salt,1
P515001000,Kool Watermelon Nicotine Salt - PG - 10mg,Product,Unlabelled,Nicotine Salt,1
P515002000,Kool Watermelon Nicotine Salt - PG - 20mg,Product,Unlabelled,Nicotine Salt,1
P515021000,Watermelon Nicotine Salt - PG - 10mg,Product,Unlabelled,Nicotine Salt,1
P515022000,Watermelon Nicotine Salt - PG - 20mg,Product,Unlabelled,Nicotine Salt,1
P515041000,Kool Lychee Blackcurrant Nicotine Salt - PG - 10mg,Product,Unlabelled,Nicotine Salt,1
P515042000,Kool Lychee Blackcurrant Nicotine Salt - PG - 20mg,Product,Unlabelled,Nicotine Salt,1
P515061000,Lychee Blackcurrant Nicotine Salt - PG - 10mg,Product,Unlabelled,Nicotine Salt,1
P515062000,Lychee Blackcurrant Nicotine Salt - PG - 20mg,Product,Unlabelled,Nicotine Salt,1
P515081000,Kool Mango Blackcurrant Nicotine Salt - PG - 10mg,Product,Unlabelled,Nicotine Salt,1
P515082000,Kool Mango Blackcurrant Nicotine Salt - PG - 20mg,Product,Unlabelled,Nicotine Salt,1
P515101000,Mango Blackcurrant Nicotine Salt - PG - 10mg,Product,Unlabelled,Nicotine Salt,1
P515102000,Mango Blackcurrant Nicotine Salt - PG - 20mg,Product,Unlabelled,Nicotine Salt,1
P515121000,Kool Lemon & Lime Nicotine Salt - PG - 10mg,Product,Unlabelled,Nicotine Salt,1
P515122000,Kool Lemon & Lime Nicotine Salt - PG - 20mg,Product,Unlabelled,Nicotine Salt,1
P515141000,Lemon & Lime Nicotine Salt - PG - 10mg,Product,Unlabelled,Nicotine Salt,1
P515142000,Lemon & Lime Nicotine Salt - PG - 20mg,Product,Unlabelled,Nicotine Salt,1
P515161000,Kool Apple Nicotine Salt - PG - 10mg,Product,Unlabelled,Nicotine Salt,1
P515162000,Kool Apple Nicotine Salt - PG - 20mg,Product,Unlabelled,Nicotine Salt,1
P515181000,Apple Nicotine Salt - PG - 10mg,Product,Unlabelled,Nicotine Salt,1
P515182000,Apple Nicotine Salt - PG - 20mg,Product,Unlabelled,Nicotine Salt,1
P515201000,Kool Raspberry Nicotine Salt - PG - 10mg,Product,Unlabelled,Nicotine Salt,1
P515202000,Kool Raspberry Nicotine Salt - PG - 20mg,Product,Unlabelled,Nicotine Salt,1
P515221000,Raspberry Nicotine Salt - PG - 10mg,Product,Unlabelled,Nicotine Salt,1
P515222000,Raspberry Nicotine Salt - PG - 20mg,Product,Unlabelled,Nicotine Salt,1
P514261000,Mango Madness Nicotine Salt - PG - 10mg,Product,Unlabelled,Nicotine Salt,1
P514262000,Mango Madness Nicotine Salt - PG - 20mg,Product,Unlabelled,Nicotine Salt,1
SV615240500,Kool Watermelon - VG - SF,Product,Unlabelled,Shortfill,1
SV615250500,Watermelon - VG - SF,Product,Unlabelled,Shortfill,1
SV616480500,Candy Cane - VG - SF,Product,Unlabelled,Shortfill,1
SV616490500,Mince Pie Xmas Pudding - VG - SF,Product,Unlabelled,Shortfill,1
SV615980500,Blackcurrant Aniseed - VG - SF,Product,Unlabelled,Shortfill,1
SV615990500,Grape Aniseed - VG - SF,Product,Unlabelled,Shortfill,1
SV616000500,Lemon & Mint Aniseed - VG - SF,Product,Unlabelled,Shortfill,1
SV616010500,Raspberry Aniseed - VG - SF,Product,Unlabelled,Shortfill,1
SV722911000,Gingerbread Man,Product,Unlabelled,Shortfill,1
CP50000D0600,Unflavoured - CBD - 0500mg,Product,Unlabelled,CBD,1
CP50000M0600,Unflavoured - CBD - 1000mg,Product,Unlabelled,CBD,1
CP50000M2600,Unflavoured - CBD - 2000mg,Product,Unlabelled,CBD,1
CP51025D0600,Apple - CBD - 0500mg,Product,Unlabelled,CBD,1
CP51025M0600,Apple - CBD - 1000mg,Product,Unlabelled,CBD,1
CP51025M2600,Apple - CBD - 2000mg,Product,Unlabelled,CBD,1
CP51059D0600,Menthol - CBD - 0500mg,Product,Unlabelled,CBD,1
CP51059M0600,Menthol - CBD - 1000mg,Product,Unlabelled,CBD,1
CP51059M2600,Menthol - CBD - 2000mg,Product,Unlabelled,CBD,1
CP51060D0600,Forest Fruits - CBD - 0500mg,Product,Unlabelled,CBD,1
CP51060M0600,Forest Fruits - CBD - 1000mg,Product,Unlabelled,CBD,1
CP51060M2600,Forest Fruits - CBD - 2000mg,Product,Unlabelled,CBD,1
SV616140500,Drumsticks - VG - SF,Product,Unlabelled,Shortfill,1
SV615620500,Rhubarb & Custard - VG - SF,Product,Unlabelled,Shortfill,1
SV616130500,Gummy Bears - VG - SF,Product,Unlabelled,Shortfill,1
P722510000,Lemon & Lime - PG - 00mg,Product,Unlabelled,Freebase,1
P722510300,Lemon & Lime - PG - 03mg,Product,Unlabelled,Freebase,1
P722510600,Lemon & Lime - PG - 06mg,Product,Unlabelled,Freebase,1
P722511200,Lemon & Lime - PG - 12mg,Product,Unlabelled,Freebase,1
P722511800,Lemon & Lime - PG - 18mg,Product,Unlabelled,Freebase,1
P720370000,Wild Strawberry - PG - 00mg,Product,Unlabelled,Freebase,1
P720370300,Wild Strawberry - PG - 03mg,Product,Unlabelled,Freebase,1
P720370600,Wild Strawberry - PG - 06mg,Product,Unlabelled,Freebase,1
P720371200,Wild Strawberry - PG - 12mg,Product,Unlabelled,Freebase,1
P720371800,Wild Strawberry - PG - 18mg,Product,Unlabelled,Freebase,1
P720320000,Rhubarb & Custard - PG - 00mg,Product,Unlabelled,Freebase,1
P720320300,Rhubarb & Custard - PG - 03mg,Product,Unlabelled,Freebase,1
P720320600,Rhubarb & Custard - PG - 06mg,Product,Unlabelled,Freebase,1
P720321200,Rhubarb & Custard - PG - 12mg,Product,Unlabelled,Freebase,1
P720321800,Rhubarb & Custard - PG - 18mg,Product,Unlabelled,Freebase,1
P720340000,Peppermint - PG - 00mg,Product,Unlabelled,Freebase,1
P720340300,Peppermint - PG - 03mg,Product,Unlabelled,Freebase,1
P720340600,Peppermint - PG - 06mg,Product,Unlabelled,Freebase,1
P720341200,Peppermint - PG - 12mg,Product,Unlabelled,Freebase,1
P720341800,Peppermint - PG - 18mg,Product,Unlabelled,Freebase,1
P720390000,Cherry Menthol - PG- 00mg,Product,Unlabelled,Freebase,1
P720390300,Cherry Menthol - PG- 03mg,Product,Unlabelled,Freebase,1
P720390600,Cherry Menthol - PG- 06mg,Product,Unlabelled,Freebase,1
P720391200,Cherry Menthol - PG- 12mg,Product,Unlabelled,Freebase,1
P720391800,Cherry Menthol - PG- 18mg,Product,Unlabelled,Freebase,1
P720400000,Blueberry - PG - 00mg,Product,Unlabelled,Freebase,1
P720400300,Blueberry - PG - 03mg,Product,Unlabelled,Freebase,1
P720400600,Blueberry - PG - 06mg,Product,Unlabelled,Freebase,1
P720401200,Blueberry - PG - 12mg,Product,Unlabelled,Freebase,1
P720401800,Blueberry - PG - 18mg,Product,Unlabelled,Freebase,1
P720410000,Blueberry Ice - PG - 00mg,Product,Unlabelled,Freebase,1
P720410300,Blueberry Ice - PG - 03mg,Product,Unlabelled,Freebase,1
P720410600,Blueberry Ice - PG - 06mg,Product,Unlabelled,Freebase,1
P720411200,Blueberry Ice - PG - 12mg,Product,Unlabelled,Freebase,1
P720411800,Blueberry Ice - PG - 18mg,Product,Unlabelled,Freebase,1
P720420000,Blue Bonbon - PG - 00mg,Product,Unlabelled,Freebase,1
P720420300,Blue Bonbon - PG - 03mg,Product,Unlabelled,Freebase,1
P720420600,Blue Bonbon - PG - 06mg,Product,Unlabelled,Freebase,1
P720421200,Blue Bonbon - PG - 12mg,Product,Unlabelled,Freebase,1
P720421800,Blue Bonbon - PG - 18mg,Product,Unlabelled,Freebase,1
P720430000,Banana Ice - PG - 00mg,Product,Unlabelled,Freebase,1
P720430300,Banana Ice - PG - 03mg,Product,Unlabelled,Freebase,1
P720430600,Banana Ice - PG - 06mg,Product,Unlabelled,Freebase,1
P720431200,Banana Ice - PG - 12mg,Product,Unlabelled,Freebase,1
P720431800,Banana Ice - PG - 18mg,Product,Unlabelled,Freebase,1
P720440000,Apple Pie & Custard - PG - 00mg,Product,Unlabelled,Freebase,1
P720440300,Apple Pie & Custard - PG - 03mg,Product,Unlabelled,Freebase,1
P720440600,Apple Pie & Custard - PG - 06mg,Product,Unlabelled,Freebase,1
P720441200,Apple Pie & Custard - PG - 12mg,Product,Unlabelled,Freebase,1
P720441800,Apple Pie & Custard - PG - 18mg,Product,Unlabelled,Freebase,1
P720450000,Apple - PG - 00mg,Product,Unlabelled,Freebase,1
P720450300,Apple - PG - 03mg,Product,Unlabelled,Freebase,1
P720450600,Apple - PG - 06mg,Product,Unlabelled,Freebase,1
P720451200,Apple - PG - 12mg,Product,Unlabelled,Freebase,1
P720451800,Apple - PG - 18mg,Product,Unlabelled,Freebase,1
P722500000,Milky Latte - PG - 00mg,Product,Unlabelled,Freebase,1
P722500300,Milky Latte - PG - 03mg,Product,Unlabelled,Freebase,1
P722500600,Milky Latte - PG - 06mg,Product,Unlabelled,Freebase,1
P722501200,Milky Latte - PG - 12mg,Product,Unlabelled,Freebase,1
P722501800,Milky Latte - PG - 18mg,Product,Unlabelled,Freebase,1
P724340000,Peach - PG - 00mg,Product,Unlabelled,Freebase,1
P724340300,Peach - PG - 03mg,Product,Unlabelled,Freebase,1
P724340600,Peach - PG - 06mg,Product,Unlabelled,Freebase,1
P724341200,Peach - PG - 12mg,Product,Unlabelled,Freebase,1
P724341800,Peach - PG - 18mg,Product,Unlabelled,Freebase,1
P722530000,Raspberry - PG - 00mg,Product,Unlabelled,Freebase,1
P722530300,Raspberry - PG - 03mg,Product,Unlabelled,Freebase,1
P722530600,Raspberry - PG - 06mg,Product,Unlabelled,Freebase,1
P722531200,Raspberry - PG - 12mg,Product,Unlabelled,Freebase,1
P722531800,Raspberry - PG - 18mg,Product,Unlabelled,Freebase,1
P524510500,Grape Ice Nicotine Salt - PG - 05mg,Product,Unlabelled,Nicotine Salt,1
P524511000,Grape Ice Nicotine Salt - PG - 10mg,Product,Unlabelled,Nicotine Salt,1
P524512000,Grape Ice Nicotine Salt - PG - 20mg,Product,Unlabelled,Nicotine Salt,1
P524540500,Peppermint Nicotine Salt - PG - 05mg,Product,Unlabelled,Nicotine Salt,1
P524551000,Peppermint Nicotine Salt - PG - 10mg,Product,Unlabelled,Nicotine Salt,1
P524562000,Peppermint Nicotine Salt - PG - 20mg,Product,Unlabelled,Nicotine Salt,1
P524580500,Spearmint Nicotine Salt - PG - 05mg,Product,Unlabelled,Nicotine Salt,1
P524581000,Spearmint Nicotine Salt - PG - 10mg,Product,Unlabelled,Nicotine Salt,1
P524582000,Spearmint Nicotine Salt - PG - 20mg,Product,Unlabelled,Nicotine Salt,1
P524600500,Banana Ice Nicotine Salt - PG - 05mg,Product,Unlabelled,Nicotine Salt,1
P524601000,Banana Ice Nicotine Salt - PG - 10mg,Product,Unlabelled,Nicotine Salt,1
P524602000,Banana Ice Nicotine Salt - PG - 20mg,Product,Unlabelled,Nicotine Salt,1
SV620360500,Ribena - VG - SF,Product,Unlabelled,Shortfill,1
SV620350500,Tropical Punch - VG - SF,Product,Unlabelled,Shortfill,1
SV623120500,Lemonade Ice - VG - SF,Product,Unlabelled,Shortfill,1
P525100500,Cherry Ice/Fizz Nicotine Salt - PG - 05mg,Product,Unlabelled,Nicotine Salt,1
P525101000,Cherry Ice/Fizz Nicotine Salt - PG - 10mg,Product,Unlabelled,Nicotine Salt,1
P525102000,Cherry Ice/Fizz Nicotine Salt - PG - 20mg,Product,Unlabelled,Nicotine Salt,1
SV625111000,Cherry Peach Lemonade Ice - VG - SF,Product,Unlabelled,Shortfill,1
SV625121000,Blue Raspberry Lemonade - VG - SF,Product,Unlabelled,Shortfill,1
SV625131000,Cherryade Ice - VG - SF,Product,Unlabelled,Shortfill,1
SV715581000,Coconut Cream Cake - VG - SF,Product,Unlabelled,Shortfill,1
SV615601000,Chocolate Fudge Brownie - VG - SF,Product,Unlabelled,Shortfill,1
SV715591000,Birthday Cake - VG - SF,Product,Unlabelled,Shortfill,1
SV615571000,Bakewell Tart - VG - SF,Product,Unlabelled,Shortfill,1
SV716611000,Apple Crumble & Custard - VG - SF,Product,Unlabelled,Shortfill,1
P525621000,Cherry Cola Nicotine Salt - PG - 10mg,Product,Unlabelled,Nicotine Salt,1
P525631000,Strawberry Watermelon Peach - PG - 10mg,Product,Unlabelled,Nicotine Salt,1
SV625761000,Orange & Pineapple Duo - VG - SF,Product,Unlabelled,Shortfill,1
SV625771000,Orange & Pineapple Duo Ice - VG - SF,Product,Unlabelled,Shortfill,1
SV625780500,Cherry Aniseed - VG - SF,Product,Unlabelled,Shortfill,1
SV625790500,Blueberry Danish Waffle - VG - SF,Product,Unlabelled,Shortfill,1
SV625800500,Kiwi Passionfruit Guava - VG  - SF,Product,Unlabelled,Shortfill,1
P525811000,Kiwi Passionfruit Guava - PG - 10mg,Product,Unlabelled,Nicotine Salt,1
SV625820500,Banana Caramel Nut Waffle - VG - SF,Product,Unlabelled,Shortfill,1
SV625830500,Toffee Apple Waffle - VG - SF,Product,Unlabelled,Shortfill,1
SV625840500,Strawberry Waffle - VG - SF,Product,Unlabelled,Shortfill,1
SV625850500,Apricot Waffle - VG - SF,Product,Unlabelled,Shortfill,1
P725970000,Blackcurrant - PG - 00mg,Product,Unlabelled,Freebase,1
P725970300,Blackcurrant - PG - 03mg,Product,Unlabelled,Freebase,1
P725970600,Blackcurrant - PG - 06mg,Product,Unlabelled,Freebase,1
P725971200,Blackcurrant - PG - 12mg,Product,Unlabelled,Freebase,1
P725971800,Blackcurrant - PG - 18mg,Product,Unlabelled,Freebase,1
P725980000,The Blue One - PG - 00mg,Product,Unlabelled,Freebase,1
P725980300,The Blue One - PG - 03mg,Product,Unlabelled,Freebase,1
P725980600,The Blue One - PG - 06mg,Product,Unlabelled,Freebase,1
P725981200,The Blue One - PG - 12mg,Product,Unlabelled,Freebase,1
P725981800,The Blue One - PG - 18mg,Product,Unlabelled,Freebase,1
P525991000,Menthol Xtra - PG - 10mg,Product,Unlabelled,Nicotine Salt,1
P526151000,Grape Raspberry - PG - 10mg,Product,Unlabelled,Nicotine Salt,1
P526161000,Strawberry Kiwi - PG - 10mg,Product,Unlabelled,Nicotine Salt,1
P526171000,Mango Passion - PG - 10mg,Product,Unlabelled,Nicotine Salt,1
SV726471000,RY4 - VG - SF,Product,Unlabelled,Shortfill,1
SV616300500,Spearmint Chew - VG - SF,Product,Unlabelled,Shortfill,1
P520111000,Rhubarb & Custard - PG - 10mg,Product,Unlabelled,Nicotine Salt,1
P520112000,Rhubarb & Custard - PG - 20mg,Product,Unlabelled,Nicotine Salt,1
P526481000,Coconut Cream Cake - PG - 10mg,Product,Unlabelled,Nicotine Salt,1
P526482000,Coconut Cream Cake - PG - 20mg,Product,Unlabelled,Nicotine Salt,1
P526681000,Blueberry Sour Raspberry - PG - 10mg,Product,Unlabelled,Nicotine Salt,1
P526682000,Blueberry Sour Raspberry - PG - 20mg,Product,Unlabelled,Nicotine Salt,1
P526691000,Orange Mango - PG - 10mg,Product,Unlabelled,Nicotine Salt,1
P526692000,Orange Mango - PG - 20mg,Product,Unlabelled,Nicotine Salt,1
P526701000,Orange Pineapple - PG - 10mg,Product,Unlabelled,Nicotine Salt,1
P526702000,Orange Pineapple - PG - 20mg,Product,Unlabelled,Nicotine Salt,1
P526711000,Raspberry Orange - PG - 10mg,Product,Unlabelled,Nicotine Salt,1
P526712000,Raspberry Orange - PG - 20mg,Product,Unlabelled,Nicotine Salt,1
SV616290500,Blue Bon Bon - VG - SF,Product,Unlabelled,Shortfill,1
SV616120500,Lemon Sherbet Chew - VG - SF,Product,Unlabelled,Shortfill,1
P526781000,Strawberry Raspberry Cherry - PG - 10mg,Product,Unlabelled,Nicotine Salt,1
P526782000,Strawberry Raspberry Cherry - PG - 20mg,Product,Unlabelled,Nicotine Salt,1
P526791000,Apple Blackcurrant - PG - 10mg,Product,Unlabelled,Nicotine Salt,1
P526792000,Apple Blackcurrant - PG - 20mg,Product,Unlabelled,Nicotine Salt,1
P526801000,Apple Pear - PG - 10mg,Product,Unlabelled,Nicotine Salt,1
P526802000,Apple Pear - PG - 20mg,Product,Unlabelled,Nicotine Salt,1
P526811000,Cherry Peach Lemonade - PG - 10mg,Product,Unlabelled,Nicotine Salt,1
P526812000,Cherry Peach Lemonade - PG - 20mg,Product,Unlabelled,Nicotine Salt,1
P526821000,Lemon Ribena - PG - 10mg,Product,Unlabelled,Nicotine Salt,1
P526822000,Lemon Ribena - PG - 20mg,Product,Unlabelled,Nicotine Salt,1
P526831000,Pineapple Passionfruit - PG - 10mg,Product,Unlabelled,Nicotine Salt,1
P526832000,Pineapple Passionfruit - PG - 20mg,Product,Unlabelled,Nicotine Salt,1
P526841000,Strawberry Banana - PG - 10mg,Product,Unlabelled,Nicotine Salt,1
P526842000,Strawberry Banana - PG - 20mg,Product,Unlabelled,Nicotine Salt,1
P526851000,Watermelon Sour Apple - PG - 10mg,Product,Unlabelled,Nicotine Salt,1
P526852000,Watermelon Sour Apple - PG - 20mg,Product,Unlabelled,Nicotine Salt,1
P526911000,Marybull Ice - PG - 10mg,Product,Unlabelled,Nicotine Salt,1
P526921000,Pink/ Strawberry Lemonade - PG - 10mg,Product,Unlabelled,Nicotine Salt,1
P526931000,Triple Melon - PG - 10mg,Product,Unlabelled,Nicotine Salt,1
P525632000,Strawberry Watermelon Peach - PG - 20mg,Product,Unlabelled,Nicotine Salt,1
P526912000,Marybull Ice - PG - 20mg,Product,Unlabelled,Nicotine Salt,1
P526152000,Grape Raspberry - PG - 20mg,Product,Unlabelled,Nicotine Salt,1
P525812000,Kiwi Passion Fruit Guava - PG - 20mg,Product,Unlabelled,Nicotine Salt,1
P526172000,Mango Passion - PG - 20mg,Product,Unlabelled,Nicotine Salt,1
P526922000,Pink/ Strawberry Lemonade - PG - 20mg,Product,Unlabelled,Nicotine Salt,1
P526162000,Strawberry Kiwi - PG - 20mg,Product,Unlabelled,Nicotine Salt,1
P526932000,Triple Melon - PG - 20mg,Product,Unlabelled,Nicotine Salt,1
P527371000,Blue Razz Cherry - PG - 10mg,Product,Unlabelled,Nicotine Salt,1
P527381000,Blue Razz Lemonade - PG - 10mg,Product,Unlabelled,Nicotine Salt,1
P527391000,Blueberry Bubblegum - PG - 10mg,Product,Unlabelled,Nicotine Salt,1
P527401000,Pineapple Peach Mango - PG - 10mg,Product,Unlabelled,Nicotine Salt,1
P527411000,Pink Lemonade (Raspberry) - PG - 10mg,Product,Unlabelled,Nicotine Salt,1
SV727610500,Cinnamon Biscuit Doughtnut - VG - SF,Product,Unlabelled,Shortfill,1
SV627630500,Banana Ice - VG - SF,Product,Unlabelled,Shortfill,1
CP52762M0600,Blue Raspberry - CBD - 1000mg,Product,Unlabelled,CBD,1
P527412000,Pink Lemonade (Raspberry) - PG - 20mg,Product,Unlabelled,Nicotine Salt,1
P527382000,Blue Razz Lemonade - PG - 20mg,Product,Unlabelled,Nicotine Salt,1
P527661000,Cotton Candy Ice - PG - 10mg,Product,Unlabelled,Nicotine Salt,1
P527671000,Gummy Bears - PG - 10mg,Product,Unlabelled,Nicotine Salt,1
P527681000,Fuzzy Peach Razz - PG - 10mg,Product,Unlabelled,Nicotine Salt,1
SV627730500,Sweet Espresso - VG - SF,Product,Unlabelled,Shortfill,1
P527691000,Apple Pie and Custard - PG - 10mg,Product,Unlabelled,Nicotine Salt,1
P527701000,Bakewell Tart - PG - 10mg,Product,Unlabelled,Nicotine Salt,1
P527711000,Birthday Cake - PG - 10mg,Product,Unlabelled,Nicotine Salt,1
P527721000,Chocolate Fudge Brownie - PG - 10mg,Product,Unlabelled,Nicotine Salt,1
SV627740500,Vanilla Latte - VG - SF,Product,Unlabelled,Shortfill,1
SV627750500,Caramel Latte - VG - SF,Product,Unlabelled,Shortfill,1
SV627760500,Gingerbread Latte - VG - SF,Product,Unlabelled,Shortfill,1
SV627770500,Almond Latte - VG - SF,Product,Unlabelled,Shortfill,1
SV627780500,Mango NRG - VG - SF,Product,Unlabelled,Shortfill,1
SV627790500,Peach NRG - VG - SF,Product,Unlabelled,Shortfill,1
SV627800500,Original NRG - VG - SF,Product,Unlabelled,Shortfill,1
SV627810500,Grape NRG - VG - SF,Product,Unlabelled,Shortfill,1
SV627820500,Pipeline NRG - VG - SF,Product,Unlabelled,Shortfill,1
SV627830500,Pineapple NRG - VG - SF,Product,Unlabelled,Shortfill,1
SV629590500,Apple Cinnamon Doughnut - VG - SF,Product,Unlabelled,Shortfill,1
SV629580500,Blueberry Jam Doughnut - VG - SF,Product,Unlabelled,Shortfill,1
SV629560500,Strawberry Raspberry Jam Doughnut - VG - SF,Product,Unlabelled,Shortfill,1
SV629570500,Custard Doughnut - VG - SF,Product,Unlabelled,Shortfill,1
SV629550500,Triple Caramel Doughnut - VG - SF,Product,Unlabelled,Shortfill,1
P525622000,Cherry Cola Nicotine Salt - PG - 20mg,Product,Unlabelled,Nicotine Salt,1
LF29990300,Blueberry Sour Raspberry - PG - LF,Product,Unlabelled,Longfill,1
LF30000300,Raspberry Lemonade,Product,Unlabelled,Longfill,1
LF30010300,Strawberry Cherry Raspberry,Product,Unlabelled,Longfill,1
LF30020300,Grape Raspberry,Product,Unlabelled,Longfill,1
LF30030300,Apple Blackcurrant,Product,Unlabelled,Longfill,1
LF30040300,Watermelon Sour Apple,Product,Unlabelled,Longfill,1
LF30050300,Pineapple Passionfruit,Product,Unlabelled,Longfill,1
LF30060300,Kiwi Passion Guava,Product,Unlabelled,Longfill,1
LF30070300,Cherry Peach lemonade,Product,Unlabelled,Longfill,1
LF30080300,Strawberry Kiwi,Product,Unlabelled,Longfill,1
LF30090300,Triple Melon,Product,Unlabelled,Longfill,1
LF30100300,Strawberry Banana,Product,Unlabelled,Longfill,1
LF30110300,Strawberry Watermelon Peach,Product,Unlabelled,Longfill,1
LF30120300,Rasberry Orange,Product,Unlabelled,Longfill,1
LF30130300,Orange Mango,Product,Unlabelled,Longfill,1